"sample","predicted_class","top_class_probability","cpg","sample_beta","eps","p_plus","p_minus","dp_dx","abs_dp_dx","local_effect_for_eps","direction"
"SPL-DU-00001","ADC",0.8381,"cg02086195",0.185838814465122,0.02,0.838150002206839,0.838109131228791,0.00102177445120144,0.00102177445120144,2.04354890240288e-05,"increasing_beta_increases_top_prob"
"SPL-DU-00001","ADC",0.8381,"cg14642259",0.0607209198246979,0.02,0.838111315495186,0.838147813273989,-0.000912444470069218,0.000912444470069218,1.82488894013844e-05,"increasing_beta_decreases_top_prob"
"SPL-DU-00001","ADC",0.8381,"cg04029027",0.427992972595909,0.02,0.838111564969669,0.83814756346833,-0.000899962466519021,0.000899962466519021,1.79992493303804e-05,"increasing_beta_decreases_top_prob"
"SPL-DU-00001","ADC",0.8381,"cg13656404",0.245349192345575,0.02,0.838111670915204,0.838147466965089,-0.000894901247114332,0.000894901247114332,1.78980249422866e-05,"increasing_beta_decreases_top_prob"
"SPL-DU-00001","ADC",0.8381,"cg25840318",0.31996241752814,0.02,0.838112886305938,0.838146255025936,-0.000834217999950981,0.000834217999950981,1.66843599990196e-05,"increasing_beta_decreases_top_prob"
"SPL-DU-00001","ADC",0.8381,"cg03543448",0.738060708312794,0.02,0.838113540773815,0.83814559747785,-0.000801417600884701,0.000801417600884701,1.6028352017694e-05,"increasing_beta_decreases_top_prob"
"SPL-DU-00001","ADC",0.8381,"cg01980591",0.757668312114348,0.02,0.83811389927224,0.838145235128025,-0.000783396394632429,0.000783396394632429,1.56679278926486e-05,"increasing_beta_decreases_top_prob"
"SPL-DU-00001","ADC",0.8381,"cg24876960",0.0467738548080363,0.02,0.838144222868955,0.838114920476938,0.000732559800442623,0.000732559800442623,1.46511960088525e-05,"increasing_beta_increases_top_prob"
"SPL-DU-00001","ADC",0.8381,"cg25009327",0.930867531646629,0.02,0.838143566552911,0.83811556962773,0.000699923129518498,0.000699923129518498,1.399846259037e-05,"increasing_beta_increases_top_prob"
"SPL-DU-00001","ADC",0.8381,"cg13343687",0.915742331535458,0.02,0.83814346976945,0.838115658149079,0.000695290509275525,0.000695290509275525,1.39058101855105e-05,"increasing_beta_increases_top_prob"
"SPL-DU-00001","ADC",0.8381,"cg14757228",0.194680610515723,0.02,0.838116075039151,0.838143064762925,-0.000674743094364328,0.000674743094364328,1.34948618872866e-05,"increasing_beta_decreases_top_prob"
"SPL-DU-00001","ADC",0.8381,"cg06631310",0.158182239840338,0.02,0.838116346770943,0.838142792915976,-0.000661153625824973,0.000661153625824973,1.32230725164995e-05,"increasing_beta_decreases_top_prob"
"SPL-DU-00001","ADC",0.8381,"cg04382396",0.91235147727585,0.02,0.838116385660551,0.838142744707416,-0.000658976171624692,0.000658976171624692,1.31795234324938e-05,"increasing_beta_decreases_top_prob"
"SPL-DU-00001","ADC",0.8381,"cg02019444",0.113343742544669,0.02,0.838116453892621,0.838142678554197,-0.000655616539382842,0.000655616539382842,1.31123307876568e-05,"increasing_beta_decreases_top_prob"
"SPL-DU-00001","ADC",0.8381,"cg15735417",0.923424653646471,0.02,0.838116737001216,0.838142407730813,-0.000641768239931228,0.000641768239931228,1.28353647986246e-05,"increasing_beta_decreases_top_prob"
"SPL-DU-00001","ADC",0.8381,"cg18048953",0.521141698373732,0.02,0.83811733018997,0.8381418028395,-0.000611816238249573,0.000611816238249573,1.22363247649915e-05,"increasing_beta_decreases_top_prob"
"SPL-DU-00001","ADC",0.8381,"cg10101533",0.451616184432829,0.02,0.838117371808748,0.8381417821985,-0.000610259743796803,0.000610259743796803,1.22051948759361e-05,"increasing_beta_decreases_top_prob"
"SPL-DU-00001","ADC",0.8381,"cg14531663",0.14199960918298,0.02,0.838117780714081,0.838141370445555,-0.000589743286835698,0.000589743286835698,1.1794865736714e-05,"increasing_beta_decreases_top_prob"
"SPL-DU-00001","ADC",0.8381,"cg02792168",0.252292950846502,0.02,0.838118098640787,0.838141040292225,-0.00057354128595033,0.00057354128595033,1.14708257190066e-05,"increasing_beta_decreases_top_prob"
"SPL-DU-00001","ADC",0.8381,"cg02185675",0.715109400719556,0.02,0.838118138268525,0.838140998943263,-0.000571516868452803,0.000571516868452803,1.14303373690561e-05,"increasing_beta_decreases_top_prob"
"SPL-DU-00001","ADC",0.8381,"cg09571972",0.859696279095773,0.02,0.838118158100385,0.838140982825037,-0.000570618116307874,0.000570618116307874,1.14123623261575e-05,"increasing_beta_decreases_top_prob"
"SPL-DU-00001","ADC",0.8381,"cg18691800",0.0451643929417393,0.02,0.838140976576704,0.83811818461186,0.000569799121094561,0.000569799121094561,1.13959824218912e-05,"increasing_beta_increases_top_prob"
"SPL-DU-00001","ADC",0.8381,"cg02311374",0.887479331238556,0.02,0.838118319041298,0.838140821946122,-0.000562572620599333,0.000562572620599333,1.12514524119867e-05,"increasing_beta_decreases_top_prob"
"SPL-DU-00001","ADC",0.8381,"cg09330885",0.96054746505221,0.02,0.838118626810826,0.83814051899266,-0.000547304545842064,0.000547304545842064,1.09460909168413e-05,"increasing_beta_decreases_top_prob"
"SPL-DU-00001","ADC",0.8381,"cg22663389",0.479482692500769,0.02,0.838118638398731,0.838140497749092,-0.000546483759028548,0.000546483759028548,1.0929675180571e-05,"increasing_beta_decreases_top_prob"
"SPL-DU-00003","Unknown",0.5996,"cg24876960",0.0481618355415699,0.02,0.599442273948906,0.599720993527291,-0.00696798945962196,0.00696798945962196,0.000139359789192439,"increasing_beta_decreases_top_prob"
"SPL-DU-00003","Unknown",0.5996,"cg03543448",0.873386309326711,0.02,0.599685993670492,0.599477293355277,0.00521750788036456,0.00521750788036456,0.000104350157607291,"increasing_beta_increases_top_prob"
"SPL-DU-00003","Unknown",0.5996,"cg04205664",0.929091598288094,0.02,0.599488944617504,0.599674344306391,-0.00463499222217722,0.00463499222217722,9.26998444435444e-05,"increasing_beta_decreases_top_prob"
"SPL-DU-00003","Unknown",0.5996,"cg02719245",0.0695437882468559,0.02,0.599489751804247,0.599673518711768,-0.00459417268801887,0.00459417268801887,9.18834537603774e-05,"increasing_beta_decreases_top_prob"
"SPL-DU-00003","Unknown",0.5996,"cg25009327",0.853612562003074,0.02,0.599489891889059,0.599673405656789,-0.00458784419326008,0.00458784419326008,9.17568838652016e-05,"increasing_beta_decreases_top_prob"
"SPL-DU-00003","Unknown",0.5996,"cg18701481",0.126958517987428,0.02,0.599493828907898,0.599669504053133,-0.00439187863086887,0.00439187863086887,8.78375726173775e-05,"increasing_beta_decreases_top_prob"
"SPL-DU-00003","Unknown",0.5996,"cg24365464",0.0670611659211316,0.02,0.599493996755016,0.599669337205852,-0.00438351127089731,0.00438351127089731,8.76702254179462e-05,"increasing_beta_decreases_top_prob"
"SPL-DU-00003","Unknown",0.5996,"cg27143688",0.455320547612059,0.02,0.599667136569598,0.599496151504261,0.00427462663343814,0.00427462663343814,8.54925326687627e-05,"increasing_beta_increases_top_prob"
"SPL-DU-00003","Unknown",0.5996,"cg18803147",0.455320547612059,0.02,0.59966379569242,0.599499537966193,0.00410644315568531,0.00410644315568531,8.21288631137062e-05,"increasing_beta_increases_top_prob"
"SPL-DU-00003","Unknown",0.5996,"cg13736514",0.72157192668286,0.02,0.599502749693631,0.599660586809041,-0.00394592788524606,0.00394592788524606,7.89185577049211e-05,"increasing_beta_decreases_top_prob"
"SPL-DU-00003","Unknown",0.5996,"cg12777520",0.820148329604374,0.02,0.599657473213484,0.59950584583308,0.00379068451009656,0.00379068451009656,7.58136902019312e-05,"increasing_beta_increases_top_prob"
"SPL-DU-00003","Unknown",0.5996,"cg08891071",0.314754138129478,0.02,0.599507247217112,0.599656080282991,-0.00372082664697459,0.00372082664697459,7.44165329394918e-05,"increasing_beta_decreases_top_prob"
"SPL-DU-00003","Unknown",0.5996,"cg14239111",0.455320547612059,0.02,0.59965520471604,0.599508057846753,0.00367867173217961,0.00367867173217961,7.35734346435923e-05,"increasing_beta_increases_top_prob"
"SPL-DU-00003","Unknown",0.5996,"cg00631329",0.808438220885769,0.02,0.599509953958568,0.599653347542875,-0.00358483960766764,0.00358483960766764,7.16967921533528e-05,"increasing_beta_decreases_top_prob"
"SPL-DU-00003","Unknown",0.5996,"cg14601621",0.451026293052698,0.02,0.599652486609502,0.599510847631591,0.00354097444777434,0.00354097444777434,7.08194889554869e-05,"increasing_beta_increases_top_prob"
"SPL-DU-00003","Unknown",0.5996,"cg04546413",0.683415195047579,0.02,0.599650971609627,0.599512352371569,0.0034654809514617,0.0034654809514617,6.93096190292341e-05,"increasing_beta_increases_top_prob"
"SPL-DU-00003","Unknown",0.5996,"cg15703970",0.548364198483923,0.02,0.599650653840975,0.599512671654364,0.00344955466527463,0.00344955466527463,6.89910933054926e-05,"increasing_beta_increases_top_prob"
"SPL-DU-00003","Unknown",0.5996,"cg27501759",0.492174515068872,0.02,0.59951382542357,0.599649468428831,-0.00339107513153136,0.00339107513153136,6.78215026306273e-05,"increasing_beta_decreases_top_prob"
"SPL-DU-00003","Unknown",0.5996,"cg18448746",0.14573893919624,0.02,0.599648208871043,0.599515043056992,0.0033291453512524,0.0033291453512524,6.65829070250479e-05,"increasing_beta_increases_top_prob"
"SPL-DU-00003","Unknown",0.5996,"cg00456343",0.455320547612059,0.02,0.59964745379196,0.599515833397329,0.00329050986579426,0.00329050986579426,6.58101973158853e-05,"increasing_beta_increases_top_prob"
"SPL-DU-00003","Unknown",0.5996,"cg07776993",0.629731404113886,0.02,0.599644545509304,0.59951873864202,0.00314517168210626,0.00314517168210626,6.29034336421252e-05,"increasing_beta_increases_top_prob"
"SPL-DU-00003","Unknown",0.5996,"cg12539796",0.313520481478765,0.02,0.599519418227181,0.599643885182979,-0.00311167389496769,0.00311167389496769,6.22334778993538e-05,"increasing_beta_decreases_top_prob"
"SPL-DU-00003","Unknown",0.5996,"cg04382396",0.468836575254719,0.02,0.599643814710108,0.599519521488905,0.00310733053008882,0.00310733053008882,6.21466106017765e-05,"increasing_beta_increases_top_prob"
"SPL-DU-00003","Unknown",0.5996,"cg23548201",0.455320547612059,0.02,0.599520302080706,0.599643018673482,-0.00306791481940183,0.00306791481940183,6.13582963880365e-05,"increasing_beta_decreases_top_prob"
"SPL-DU-00003","Unknown",0.5996,"cg03871124",0.455320547612059,0.02,0.599520837034161,0.599642494375099,-0.00304143352344577,0.00304143352344577,6.08286704689153e-05,"increasing_beta_decreases_top_prob"
"SPL-DU-00006","Unknown",0.5405,"cg25840318",0.625891506679972,0.02,0.540739870756468,0.540258783661437,0.0120271773757757,0.0120271773757757,0.000240543547515515,"increasing_beta_increases_top_prob"
"SPL-DU-00006","Unknown",0.5405,"cg02719245",0.0806953976257311,0.02,0.540274558324536,0.540724085248169,-0.0112381730908384,0.0112381730908384,0.000224763461816768,"increasing_beta_decreases_top_prob"
"SPL-DU-00006","Unknown",0.5405,"cg20803293",0.442707958730258,0.02,0.540300736077497,0.540698029886419,-0.00993234522305707,0.00993234522305707,0.000198646904461141,"increasing_beta_decreases_top_prob"
"SPL-DU-00006","Unknown",0.5405,"cg22343728",0.171056048672542,0.02,0.540302972678903,0.540695718353437,-0.00981864186334891,0.00981864186334891,0.000196372837266978,"increasing_beta_decreases_top_prob"
"SPL-DU-00006","Unknown",0.5405,"cg03204678",0.16041121318864,0.02,0.540306667050039,0.540692030905034,-0.00963409637486646,0.00963409637486646,0.000192681927497329,"increasing_beta_decreases_top_prob"
"SPL-DU-00006","Unknown",0.5405,"cg27143688",0.503786407460019,0.02,0.54069076303992,0.540307923596058,0.00957098609653261,0.00957098609653261,0.000191419721930652,"increasing_beta_increases_top_prob"
"SPL-DU-00006","Unknown",0.5405,"cg09782540",0.650155896583967,0.02,0.540308758404632,0.540689984807443,-0.00953066007029212,0.00953066007029212,0.000190613201405842,"increasing_beta_decreases_top_prob"
"SPL-DU-00006","Unknown",0.5405,"cg08101036",0.0901999072916998,0.02,0.540328115684793,0.540670630992975,-0.00856288270455752,0.00856288270455752,0.00017125765409115,"increasing_beta_decreases_top_prob"
"SPL-DU-00006","Unknown",0.5405,"cg11969330",0.442707958730258,0.02,0.540328551805987,0.540670204604874,-0.00854131997219675,0.00854131997219675,0.000170826399443935,"increasing_beta_decreases_top_prob"
"SPL-DU-00006","Unknown",0.5405,"cg08818984",0.704190859998227,0.02,0.54066974738205,0.540328950000016,0.00851993455084631,0.00851993455084631,0.000170398691016926,"increasing_beta_increases_top_prob"
"SPL-DU-00006","Unknown",0.5405,"cg14642259",0.357330713698363,0.02,0.540669102994311,0.540329677136862,0.00848564643623483,0.00848564643623483,0.000169712928724697,"increasing_beta_increases_top_prob"
"SPL-DU-00006","Unknown",0.5405,"cg07515565",0.477858425826209,0.02,0.540667312341729,0.540331429623853,0.0083970679469053,0.0083970679469053,0.000167941358938106,"increasing_beta_increases_top_prob"
"SPL-DU-00006","Unknown",0.5405,"cg04329125",0.432629054827514,0.02,0.540666906762618,0.540331820288129,0.00837716186221914,0.00837716186221914,0.000167543237244383,"increasing_beta_increases_top_prob"
"SPL-DU-00006","Unknown",0.5405,"cg09510476",0.903567072459186,0.02,0.540664070700367,0.540334660819712,0.00823524701637212,0.00823524701637212,0.000164704940327442,"increasing_beta_increases_top_prob"
"SPL-DU-00006","Unknown",0.5405,"cg03543448",0.766597846106743,0.02,0.540657188031283,0.540341508366684,0.00789199161498332,0.00789199161498332,0.000157839832299666,"increasing_beta_increases_top_prob"
"SPL-DU-00006","Unknown",0.5405,"cg09530810",0.452145033259562,0.02,0.540342123296605,0.540656630573822,-0.00786268193041228,0.00786268193041228,0.000157253638608246,"increasing_beta_decreases_top_prob"
"SPL-DU-00006","Unknown",0.5405,"cg16877681",0.105380117223705,0.02,0.540648145042628,0.540350562427287,0.0074395653835102,0.0074395653835102,0.000148791307670204,"increasing_beta_increases_top_prob"
"SPL-DU-00006","Unknown",0.5405,"cg11090364",0.0846894295288771,0.02,0.540350738651117,0.540647969427931,-0.00743076942033849,0.00743076942033849,0.00014861538840677,"increasing_beta_decreases_top_prob"
"SPL-DU-00006","Unknown",0.5405,"cg26256223",0.442707958730258,0.02,0.540352040090414,0.540646646820928,-0.00736516826286836,0.00736516826286836,0.000147303365257367,"increasing_beta_decreases_top_prob"
"SPL-DU-00006","Unknown",0.5405,"cg03356172",0.275232868405921,0.02,0.540639017751665,0.540359680898975,0.00698342131724427,0.00698342131724427,0.000139668426344885,"increasing_beta_increases_top_prob"
"SPL-DU-00006","Unknown",0.5405,"cg24292703",0.754746998260667,0.02,0.54036625641226,0.54063253380288,-0.00665693476551154,0.00665693476551154,0.000133138695310231,"increasing_beta_decreases_top_prob"
"SPL-DU-00006","Unknown",0.5405,"cg00921266",0.395958155102189,0.02,0.54036683629392,0.540631932136924,-0.0066273960751012,0.0066273960751012,0.000132547921502024,"increasing_beta_decreases_top_prob"
"SPL-DU-00006","Unknown",0.5405,"cg02630214",0.361797175572132,0.02,0.540630457420601,0.540368250188268,0.00655518080832639,0.00655518080832639,0.000131103616166528,"increasing_beta_increases_top_prob"
"SPL-DU-00006","Unknown",0.5405,"cg19429281",0.756994278932536,0.02,0.540629873923953,0.54036887589421,0.00652495074357772,0.00652495074357772,0.000130499014871554,"increasing_beta_increases_top_prob"
"SPL-DU-00006","Unknown",0.5405,"cg21986027",0.66199501318827,0.02,0.540371657698037,0.540627092010664,-0.00638585781565781,0.00638585781565781,0.000127717156313156,"increasing_beta_decreases_top_prob"
"SPL-DU-00007","SCC",0.5606,"cg20803293",0.291505712412103,0.02,0.560690175524517,0.560556018460308,0.00335392660523181,0.00335392660523181,6.70785321046363e-05,"increasing_beta_increases_top_prob"
"SPL-DU-00007","SCC",0.5606,"cg25840318",0.430159393211602,0.02,0.560558971591241,0.560687275171333,-0.00320758950230482,0.00320758950230482,6.41517900460963e-05,"increasing_beta_decreases_top_prob"
"SPL-DU-00007","SCC",0.5606,"cg02719245",0.070235009356215,0.02,0.560686843922397,0.560559412434764,0.0031857871908153,0.0031857871908153,6.3715743816306e-05,"increasing_beta_increases_top_prob"
"SPL-DU-00007","SCC",0.5606,"cg22343728",0.122013837262999,0.02,0.560686694705223,0.560559545064266,0.00317874102393756,0.00317874102393756,6.35748204787512e-05,"increasing_beta_increases_top_prob"
"SPL-DU-00007","SCC",0.5606,"cg09782540",0.333805442542298,0.02,0.560682518430407,0.560563690454755,0.00297069939129701,0.00297069939129701,5.94139878259403e-05,"increasing_beta_increases_top_prob"
"SPL-DU-00007","SCC",0.5606,"cg08101036",0.103921757065988,0.02,0.560678140571059,0.560568073519784,0.00275167628185913,0.00275167628185913,5.50335256371825e-05,"increasing_beta_increases_top_prob"
"SPL-DU-00007","SCC",0.5606,"cg21986027",0.742850894674027,0.02,0.56067555279118,0.560570671152974,0.00262204095513862,0.00262204095513862,5.24408191027725e-05,"increasing_beta_increases_top_prob"
"SPL-DU-00007","SCC",0.5606,"cg11969330",0.291505712412103,0.02,0.560675015888844,0.560571191774258,0.00259560286465232,0.00259560286465232,5.19120572930464e-05,"increasing_beta_increases_top_prob"
"SPL-DU-00007","SCC",0.5606,"cg06878649",0.145864846293248,0.02,0.560672677415366,0.560573531551052,0.0024786466078286,0.0024786466078286,4.95729321565719e-05,"increasing_beta_increases_top_prob"
"SPL-DU-00007","SCC",0.5606,"cg24365464",0.06244903938645,0.02,0.560672463024356,0.560573743645836,0.00246798446298102,0.00246798446298102,4.93596892596204e-05,"increasing_beta_increases_top_prob"
"SPL-DU-00007","SCC",0.5606,"cg27143688",0.291505712412103,0.02,0.560574507380721,0.560671738561428,-0.00243077951767312,0.00243077951767312,4.86155903534624e-05,"increasing_beta_decreases_top_prob"
"SPL-DU-00007","SCC",0.5606,"cg00921266",0.0662919843091544,0.02,0.560670764087597,0.56057544672276,0.00238293412093971,0.00238293412093971,4.76586824187941e-05,"increasing_beta_increases_top_prob"
"SPL-DU-00007","SCC",0.5606,"cg14642259",0.0537348427252428,0.02,0.560575566801121,0.560670628887456,-0.00237655215838961,0.00237655215838961,4.75310431677922e-05,"increasing_beta_decreases_top_prob"
"SPL-DU-00007","SCC",0.5606,"cg16877681",0.740420462944283,0.02,0.560575957470688,0.560670286956946,-0.00235823715643846,0.00235823715643846,4.71647431287691e-05,"increasing_beta_decreases_top_prob"
"SPL-DU-00007","SCC",0.5606,"cg09530810",0.665696285174278,0.02,0.560669885754389,0.560576330710535,0.0023388760963472,0.0023388760963472,4.67775219269439e-05,"increasing_beta_increases_top_prob"
"SPL-DU-00007","SCC",0.5606,"cg03204678",0.500031424172085,0.02,0.56066969388161,0.560576544658086,0.00232873058809701,0.00232873058809701,4.65746117619403e-05,"increasing_beta_increases_top_prob"
"SPL-DU-00007","SCC",0.5606,"cg24292703",0.145072334703284,0.02,0.560668873509813,0.5605773230869,0.00228876057283556,0.00228876057283556,4.57752114567112e-05,"increasing_beta_increases_top_prob"
"SPL-DU-00007","SCC",0.5606,"cg01696784",0.10181542445779,0.02,0.56066780127065,0.560578516062781,0.00223213019671931,0.00223213019671931,4.46426039343861e-05,"increasing_beta_increases_top_prob"
"SPL-DU-00007","SCC",0.5606,"cg24403845",0.472046842597296,0.02,0.560667553808761,0.56057868441508,0.00222173484200061,0.00222173484200061,4.44346968400122e-05,"increasing_beta_increases_top_prob"
"SPL-DU-00007","SCC",0.5606,"cg08818984",0.445320327690955,0.02,0.560579989945225,0.56066625519274,-0.00215663118788567,0.00215663118788567,4.31326237577134e-05,"increasing_beta_decreases_top_prob"
"SPL-DU-00007","SCC",0.5606,"cg03356172",0.808824063641858,0.02,0.560580476921156,0.560665774612467,-0.0021324422827651,0.0021324422827651,4.2648845655302e-05,"increasing_beta_decreases_top_prob"
"SPL-DU-00007","SCC",0.5606,"cg18873878",0.0701142774604215,0.02,0.560581213431485,0.56066506376476,-0.00209625833187677,0.00209625833187677,4.19251666375353e-05,"increasing_beta_decreases_top_prob"
"SPL-DU-00007","SCC",0.5606,"cg07515565",0.0882240893847205,0.02,0.56058178753501,0.560664431037994,-0.00206608757460647,0.00206608757460647,4.13217514921293e-05,"increasing_beta_decreases_top_prob"
"SPL-DU-00007","SCC",0.5606,"cg08489674",0.306546577014834,0.02,0.560663805828284,0.560582419500043,0.002034658206021,0.002034658206021,4.069316412042e-05,"increasing_beta_increases_top_prob"
"SPL-DU-00007","SCC",0.5606,"cg26256223",0.291505712412103,0.02,0.560663459902133,0.56058279586953,0.00201660081506627,0.00201660081506627,4.03320163013254e-05,"increasing_beta_increases_top_prob"
"SPL-DU-00009","Unknown",0.3151,"cg23194926",0.440496076131872,0.02,0.315165828734365,0.315117469030759,0.0012089925901515,0.0012089925901515,2.417985180303e-05,"increasing_beta_increases_top_prob"
"SPL-DU-00009","Unknown",0.3151,"cg00335715",0.491709296248183,0.02,0.315165636522179,0.315117660812012,0.00119939275418091,0.00119939275418091,2.39878550836181e-05,"increasing_beta_increases_top_prob"
"SPL-DU-00009","Unknown",0.3151,"cg21643939",0.652550316330388,0.02,0.315117798548423,0.315165513974139,-0.00119288564290332,0.00119288564290332,2.38577128580664e-05,"increasing_beta_decreases_top_prob"
"SPL-DU-00009","Unknown",0.3151,"cg14503441",0.203126456265276,0.02,0.315165280570424,0.315118028244886,0.00118130813846068,0.00118130813846068,2.36261627692136e-05,"increasing_beta_increases_top_prob"
"SPL-DU-00009","Unknown",0.3151,"cg09563216",0.090239542517733,0.02,0.315164091010213,0.315119220710575,0.00112175749096416,0.00112175749096416,2.24351498192832e-05,"increasing_beta_increases_top_prob"
"SPL-DU-00009","Unknown",0.3151,"cg24876960",0.0333191417678553,0.02,0.315120010570955,0.315163266495201,-0.00108139810613,0.00108139810613,2.16279621226001e-05,"increasing_beta_decreases_top_prob"
"SPL-DU-00009","Unknown",0.3151,"cg18701481",0.0533717370122883,0.02,0.315120386967325,0.315162924618321,-0.00106344127489416,0.00106344127489416,2.12688254978832e-05,"increasing_beta_decreases_top_prob"
"SPL-DU-00009","Unknown",0.3151,"cg02185675",0.962599854364151,0.02,0.315162320152255,0.315120979024902,0.00103352818383445,0.00103352818383445,2.06705636766891e-05,"increasing_beta_increases_top_prob"
"SPL-DU-00009","Unknown",0.3151,"cg03718012",0.481707511375899,0.02,0.315162246761719,0.315121064158345,0.00102956508436086,0.00102956508436086,2.05913016872172e-05,"increasing_beta_increases_top_prob"
"SPL-DU-00009","Unknown",0.3151,"cg04131969",0.052497028113693,0.02,0.315123011304825,0.315160245333521,-0.000930850717408005,0.000930850717408005,1.86170143481601e-05,"increasing_beta_decreases_top_prob"
"SPL-DU-00009","Unknown",0.3151,"cg09831875",0.221978591560618,0.02,0.315160211362116,0.315123098357423,0.000927825117334747,0.000927825117334747,1.85565023466949e-05,"increasing_beta_increases_top_prob"
"SPL-DU-00009","Unknown",0.3151,"cg03543448",0.952379009881476,0.02,0.315159957011753,0.315123326380766,0.000915765774689436,0.000915765774689436,1.83153154937887e-05,"increasing_beta_increases_top_prob"
"SPL-DU-00009","Unknown",0.3151,"cg10942056",0.709154496182239,0.02,0.315123906760995,0.31515939348775,-0.000887168168860197,0.000887168168860197,1.77433633772039e-05,"increasing_beta_decreases_top_prob"
"SPL-DU-00009","Unknown",0.3151,"cg00036011",0.285541242489169,0.02,0.31515902288148,0.315124269179867,0.000868842540323322,0.000868842540323322,1.73768508064664e-05,"increasing_beta_increases_top_prob"
"SPL-DU-00009","Unknown",0.3151,"cg02719245",0.0685349901461814,0.02,0.315124430156858,0.315158841003129,-0.000860271156764847,0.000860271156764847,1.72054231352969e-05,"increasing_beta_decreases_top_prob"
"SPL-DU-00009","Unknown",0.3151,"cg18126802",0.750522257573486,0.02,0.315158382554765,0.315124921180968,0.000836534344912653,0.000836534344912653,1.67306868982531e-05,"increasing_beta_increases_top_prob"
"SPL-DU-00009","Unknown",0.3151,"cg18383585",0.452159628289574,0.02,0.315125353699772,0.315157935876039,-0.000814554406670941,0.000814554406670941,1.62910881334188e-05,"increasing_beta_decreases_top_prob"
"SPL-DU-00009","Unknown",0.3151,"cg24365464",0.703943306878034,0.02,0.31512543030357,0.315157881549149,-0.000811281139478925,0.000811281139478925,1.62256227895785e-05,"increasing_beta_decreases_top_prob"
"SPL-DU-00009","Unknown",0.3151,"cg27046920",0.96436445757004,0.02,0.315157568990939,0.315125734679736,0.000795857780086506,0.000795857780086506,1.59171556017301e-05,"increasing_beta_increases_top_prob"
"SPL-DU-00009","Unknown",0.3151,"cg22663389",0.697784781453142,0.02,0.315126142112849,0.31515715878786,-0.000775416875276046,0.000775416875276046,1.55083375055209e-05,"increasing_beta_decreases_top_prob"
"SPL-DU-00009","Unknown",0.3151,"cg16479539",0.0448617549166861,0.02,0.315157150950494,0.315126146307668,0.000775116070642068,0.000775116070642068,1.55023214128414e-05,"increasing_beta_increases_top_prob"
"SPL-DU-00009","Unknown",0.3151,"cg09923954",0.394903269783108,0.02,0.315156904909776,0.315126400285688,0.000762615602205307,0.000762615602205307,1.52523120441061e-05,"increasing_beta_increases_top_prob"
"SPL-DU-00009","Unknown",0.3151,"cg16072192",0.821099182097576,0.02,0.315156602253378,0.315126678456986,0.000748094909797103,0.000748094909797103,1.49618981959421e-05,"increasing_beta_increases_top_prob"
"SPL-DU-00009","Unknown",0.3151,"cg09047573",0.0883866959889959,0.02,0.315156485576603,0.315126816548433,0.000741725704256346,0.000741725704256346,1.48345140851269e-05,"increasing_beta_increases_top_prob"
"SPL-DU-00009","Unknown",0.3151,"cg12777520",0.607969263448997,0.02,0.315156104002371,0.315127197838177,0.000722654104841346,0.000722654104841346,1.44530820968269e-05,"increasing_beta_increases_top_prob"
"SPL-DU-00010","NEC-like SMARCA4 ARID1A",0.931,"cg18147606",0.0918614291518677,0.02,0.931007036339261,0.931011752697456,-0.000117908954863632,0.000117908954863632,2.35817909727265e-06,"increasing_beta_decreases_top_prob"
"SPL-DU-00010","NEC-like SMARCA4 ARID1A",0.931,"cg17227257",0.287495210761933,0.02,0.931011072372987,0.931007719146821,8.38306541572908e-05,8.38306541572908e-05,1.67661308314582e-06,"increasing_beta_increases_top_prob"
"SPL-DU-00010","NEC-like SMARCA4 ARID1A",0.931,"cg23548201",0.287495210761933,0.02,0.931011026782619,0.931007763089354,8.15923316216382e-05,8.15923316216382e-05,1.63184663243276e-06,"increasing_beta_increases_top_prob"
"SPL-DU-00010","NEC-like SMARCA4 ARID1A",0.931,"cg01025800",0.0542282945696452,0.02,0.931010986801355,0.931007804059307,7.9568551200615e-05,7.9568551200615e-05,1.5913710240123e-06,"increasing_beta_increases_top_prob"
"SPL-DU-00010","NEC-like SMARCA4 ARID1A",0.931,"cg10257302",0.926909298109394,0.02,0.931010955241997,0.9310078341023,7.8028492428439e-05,7.8028492428439e-05,1.56056984856878e-06,"increasing_beta_increases_top_prob"
"SPL-DU-00010","NEC-like SMARCA4 ARID1A",0.931,"cg03532263",0.287495210761933,0.02,0.931010910678565,0.931007880347684,7.57582720251059e-05,7.57582720251059e-05,1.51516544050212e-06,"increasing_beta_increases_top_prob"
"SPL-DU-00010","NEC-like SMARCA4 ARID1A",0.931,"cg16400350",0.287495210761933,0.02,0.931010900645489,0.93100788923945,7.528515097166e-05,7.528515097166e-05,1.5057030194332e-06,"increasing_beta_increases_top_prob"
"SPL-DU-00010","NEC-like SMARCA4 ARID1A",0.931,"cg26790247",0.176204615228478,0.02,0.93101080886577,0.931007980187864,7.07169476504843e-05,7.07169476504843e-05,1.41433895300969e-06,"increasing_beta_increases_top_prob"
"SPL-DU-00010","NEC-like SMARCA4 ARID1A",0.931,"cg06721601",0.287495210761933,0.02,0.931010784064688,0.93100801118531,6.93219844638548e-05,6.93219844638548e-05,1.3864396892771e-06,"increasing_beta_increases_top_prob"
"SPL-DU-00010","NEC-like SMARCA4 ARID1A",0.931,"cg14503441",0.0902198008371342,0.02,0.931008018945854,0.931010770238858,-6.87823250994368e-05,6.87823250994368e-05,1.37564650198874e-06,"increasing_beta_decreases_top_prob"
"SPL-DU-00010","NEC-like SMARCA4 ARID1A",0.931,"cg02589685",0.0610827183515467,0.02,0.931008134013263,0.931010656142616,-6.30532338341539e-05,6.30532338341539e-05,1.26106467668308e-06,"increasing_beta_decreases_top_prob"
"SPL-DU-00010","NEC-like SMARCA4 ARID1A",0.931,"cg02676167",0.0755426095286772,0.02,0.931008146515545,0.931010644685261,-6.24542428967478e-05,6.24542428967478e-05,1.24908485793496e-06,"increasing_beta_decreases_top_prob"
"SPL-DU-00010","NEC-like SMARCA4 ARID1A",0.931,"cg02311374",0.591733053099959,0.02,0.931008148454284,0.931010643010366,-6.23639020369548e-05,6.23639020369548e-05,1.2472780407391e-06,"increasing_beta_decreases_top_prob"
"SPL-DU-00010","NEC-like SMARCA4 ARID1A",0.931,"cg27046920",0.389091898776876,0.02,0.931010638387406,0.931008151262864,6.21781135495824e-05,6.21781135495824e-05,1.24356227099165e-06,"increasing_beta_increases_top_prob"
"SPL-DU-00010","NEC-like SMARCA4 ARID1A",0.931,"cg04329125",0.21681778801661,0.02,0.931010612844348,0.931008178020058,6.08706072630083e-05,6.08706072630083e-05,1.21741214526017e-06,"increasing_beta_increases_top_prob"
"SPL-DU-00010","NEC-like SMARCA4 ARID1A",0.931,"cg26199445",0.0572380379168627,0.02,0.931008179417212,0.931010612573941,-6.08289182385535e-05,6.08289182385535e-05,1.21657836477107e-06,"increasing_beta_decreases_top_prob"
"SPL-DU-00010","NEC-like SMARCA4 ARID1A",0.931,"cg19767548",0.929476627476716,0.02,0.931010605588892,0.931008183058196,6.05632674011147e-05,6.05632674011147e-05,1.21126534802229e-06,"increasing_beta_increases_top_prob"
"SPL-DU-00010","NEC-like SMARCA4 ARID1A",0.931,"cg16721321",0.876244886904851,0.02,0.931010576174504,0.931008212723548,5.90862738958364e-05,5.90862738958364e-05,1.18172547791673e-06,"increasing_beta_increases_top_prob"
"SPL-DU-00010","NEC-like SMARCA4 ARID1A",0.931,"cg13969788",0.895977371474138,0.02,0.931010575311186,0.931008213239822,5.90517840959314e-05,5.90517840959314e-05,1.18103568191863e-06,"increasing_beta_increases_top_prob"
"SPL-DU-00010","NEC-like SMARCA4 ARID1A",0.931,"cg13656404",0.975311754954897,0.02,0.931010544938865,0.931008246589768,5.74587274232429e-05,5.74587274232429e-05,1.14917454846486e-06,"increasing_beta_increases_top_prob"
"SPL-DU-00010","NEC-like SMARCA4 ARID1A",0.931,"cg02583740",0.0363083426708541,0.02,0.931008265904159,0.931010524555503,-5.64662835933483e-05,5.64662835933483e-05,1.12932567186697e-06,"increasing_beta_decreases_top_prob"
"SPL-DU-00010","NEC-like SMARCA4 ARID1A",0.931,"cg17356733",0.287495210761933,0.02,0.931010510646616,0.931008278934978,5.57927909594635e-05,5.57927909594635e-05,1.11585581918927e-06,"increasing_beta_increases_top_prob"
"SPL-DU-00010","NEC-like SMARCA4 ARID1A",0.931,"cg13930261",0.1753516928106,0.02,0.931008293016294,0.93101049787874,-5.51215611460654e-05,5.51215611460654e-05,1.10243122292131e-06,"increasing_beta_decreases_top_prob"
"SPL-DU-00010","NEC-like SMARCA4 ARID1A",0.931,"cg20174636",0.0630492339834255,0.02,0.931008313689767,0.931010481391888,-5.41925530256337e-05,5.41925530256337e-05,1.08385106051267e-06,"increasing_beta_decreases_top_prob"
"SPL-DU-00010","NEC-like SMARCA4 ARID1A",0.931,"cg12777520",0.287495210761933,0.02,0.931008322679723,0.931010467255479,-5.3614393916157e-05,5.3614393916157e-05,1.07228787832314e-06,"increasing_beta_decreases_top_prob"
"SPL-DU-00011","Unknown",0.4377,"cg07515565",0.867724791153111,0.02,0.437815570647047,0.43763268989309,0.00457201884890984,0.00457201884890984,9.14403769781968e-05,"increasing_beta_increases_top_prob"
"SPL-DU-00011","Unknown",0.4377,"cg01980591",0.419166158753991,0.02,0.437811070185093,0.437637162677624,0.00434768768671906,0.00434768768671906,8.69537537343811e-05,"increasing_beta_increases_top_prob"
"SPL-DU-00011","Unknown",0.4377,"cg00907810",0.856837469074068,0.02,0.437805136362775,0.437643126754525,0.00405024020624922,0.00405024020624922,8.10048041249844e-05,"increasing_beta_increases_top_prob"
"SPL-DU-00011","Unknown",0.4377,"cg12777520",0.40709918860137,0.02,0.437799644671152,0.437648621143351,0.00377558819501522,0.00377558819501522,7.55117639003044e-05,"increasing_beta_increases_top_prob"
"SPL-DU-00011","Unknown",0.4377,"cg03799405",0.0859608683190378,0.02,0.437799508448226,0.437648758968635,0.00376873698977459,0.00376873698977459,7.53747397954918e-05,"increasing_beta_increases_top_prob"
"SPL-DU-00011","Unknown",0.4377,"cg18701481",0.0698840617117349,0.02,0.437648834213522,0.437799455419359,-0.00376553014591469,0.00376553014591469,7.53106029182937e-05,"increasing_beta_decreases_top_prob"
"SPL-DU-00011","Unknown",0.4377,"cg02719245",0.0605859617739154,0.02,0.437650422775792,0.437797762856071,-0.00368350200696393,0.00368350200696393,7.36700401392787e-05,"increasing_beta_decreases_top_prob"
"SPL-DU-00011","Unknown",0.4377,"cg03543448",0.844578285531756,0.02,0.437794048318692,0.437654168427191,0.00349699728751096,0.00349699728751096,6.99399457502192e-05,"increasing_beta_increases_top_prob"
"SPL-DU-00011","Unknown",0.4377,"cg18048953",0.428229967560442,0.02,0.437792315618126,0.437655954539899,0.00340902695567108,0.00340902695567108,6.81805391134215e-05,"increasing_beta_increases_top_prob"
"SPL-DU-00011","Unknown",0.4377,"cg14601621",0.962526845163464,0.02,0.437791906112365,0.437656383185422,0.00338807317358525,0.00338807317358525,6.77614634717049e-05,"increasing_beta_increases_top_prob"
"SPL-DU-00011","Unknown",0.4377,"cg25840318",0.92012529815326,0.02,0.437790392053968,0.437657802159474,0.0033147473623582,0.0033147473623582,6.62949472471641e-05,"increasing_beta_increases_top_prob"
"SPL-DU-00011","Unknown",0.4377,"cg14227325",0.40709918860137,0.02,0.437658250174862,0.437789954610558,-0.00329261089238586,0.00329261089238586,6.58522178477172e-05,"increasing_beta_decreases_top_prob"
"SPL-DU-00011","Unknown",0.4377,"cg10935762",0.605648270238361,0.02,0.437786675238195,0.43766161411923,0.00312652797411633,0.00312652797411633,6.25305594823266e-05,"increasing_beta_increases_top_prob"
"SPL-DU-00011","Unknown",0.4377,"cg02656871",0.960788378781932,0.02,0.437786084320611,0.437662105485948,0.00309947086657297,0.00309947086657297,6.19894173314594e-05,"increasing_beta_increases_top_prob"
"SPL-DU-00011","Unknown",0.4377,"cg25009327",0.882879166077116,0.02,0.437662613476029,0.437785617208743,-0.00307509331786693,0.00307509331786693,6.15018663573385e-05,"increasing_beta_decreases_top_prob"
"SPL-DU-00011","Unknown",0.4377,"cg03048372",0.964389176402771,0.02,0.437785373522027,0.437662904760289,0.00306171904347063,0.00306171904347063,6.12343808694126e-05,"increasing_beta_increases_top_prob"
"SPL-DU-00011","Unknown",0.4377,"cg00901687",0.94486543181466,0.02,0.437784956468426,0.437663328833929,0.00304069086241865,0.00304069086241865,6.08138172483729e-05,"increasing_beta_increases_top_prob"
"SPL-DU-00011","Unknown",0.4377,"cg15567340",0.945100194293437,0.02,0.437784460079105,0.437663830940494,0.00301572846525821,0.00301572846525821,6.03145693051643e-05,"increasing_beta_increases_top_prob"
"SPL-DU-00011","Unknown",0.4377,"cg24876960",0.0441996325970076,0.02,0.437666655385958,0.437781540637814,-0.00287213129639696,0.00287213129639696,5.74426259279393e-05,"increasing_beta_decreases_top_prob"
"SPL-DU-00011","Unknown",0.4377,"cg04205664",0.93030285906827,0.02,0.437667664147149,0.437780552070472,-0.00282219808307587,0.00282219808307587,5.64439616615175e-05,"increasing_beta_decreases_top_prob"
"SPL-DU-00011","Unknown",0.4377,"cg24365464",0.0627053876368095,0.02,0.437668702126435,0.437779587861007,-0.00277214336430048,0.00277214336430048,5.54428672860097e-05,"increasing_beta_decreases_top_prob"
"SPL-DU-00011","Unknown",0.4377,"cg18175808",0.373325815941272,0.02,0.437777791523329,0.43767049366902,0.00268244635773101,0.00268244635773101,5.36489271546203e-05,"increasing_beta_increases_top_prob"
"SPL-DU-00011","Unknown",0.4377,"cg11800620",0.9244083535459,0.02,0.437776563686477,0.437671705231973,0.00262146136259661,0.00262146136259661,5.24292272519322e-05,"increasing_beta_increases_top_prob"
"SPL-DU-00011","Unknown",0.4377,"cg17375267",0.317610972315993,0.02,0.437776516674492,0.437671751853123,0.00261912053423907,0.00261912053423907,5.23824106847814e-05,"increasing_beta_increases_top_prob"
"SPL-DU-00011","Unknown",0.4377,"cg05348366",0.522997946152852,0.02,0.437775853476491,0.437672420371061,0.0025858276357607,0.0025858276357607,5.17165527152141e-05,"increasing_beta_increases_top_prob"
"SPL-DU-00012","Unknown",0.5166,"cg24876960",0.0395455552574197,0.02,0.516529333426559,0.516641766806879,-0.00281083450799913,0.00281083450799913,5.62166901599825e-05,"increasing_beta_decreases_top_prob"
"SPL-DU-00012","Unknown",0.5166,"cg02719245",0.0335794503727087,0.02,0.516538263248091,0.516632834443455,-0.00236427988410115,0.00236427988410115,4.7285597682023e-05,"increasing_beta_decreases_top_prob"
"SPL-DU-00012","Unknown",0.5166,"cg03543448",0.89736598567832,0.02,0.516627617307281,0.51654349717762,0.00210300324152424,0.00210300324152424,4.20600648304847e-05,"increasing_beta_increases_top_prob"
"SPL-DU-00012","Unknown",0.5166,"cg20443778",0.0277477014719411,0.02,0.516544514663129,0.516626619669493,-0.00205262515909632,0.00205262515909632,4.10525031819264e-05,"increasing_beta_decreases_top_prob"
"SPL-DU-00012","Unknown",0.5166,"cg25009327",0.577902319716449,0.02,0.51654469116932,0.516626428886644,-0.002043442933089,0.002043442933089,4.086885866178e-05,"increasing_beta_decreases_top_prob"
"SPL-DU-00012","Unknown",0.5166,"cg21643939",0.933440724448748,0.02,0.516547317180598,0.516623832076465,-0.0019128723966838,0.0019128723966838,3.82574479336761e-05,"increasing_beta_decreases_top_prob"
"SPL-DU-00012","Unknown",0.5166,"cg12096447",0.505943946670288,0.02,0.516547630762104,0.516623518816341,-0.00189720135592985,0.00189720135592985,3.79440271185971e-05,"increasing_beta_decreases_top_prob"
"SPL-DU-00012","Unknown",0.5166,"cg18701481",0.0399412175931469,0.02,0.516548540690084,0.516622609025133,-0.00185170837623816,0.00185170837623816,3.70341675247632e-05,"increasing_beta_decreases_top_prob"
"SPL-DU-00012","Unknown",0.5166,"cg24365464",0.322930261075423,0.02,0.516548783018453,0.516622367326332,-0.00183960769697955,0.00183960769697955,3.6792153939591e-05,"increasing_beta_decreases_top_prob"
"SPL-DU-00012","Unknown",0.5166,"cg14227325",0.577902319716449,0.02,0.516549814958524,0.51662129270728,-0.00178694371889554,0.00178694371889554,3.57388743779108e-05,"increasing_beta_decreases_top_prob"
"SPL-DU-00012","Unknown",0.5166,"cg04131969",0.0313166699766014,0.02,0.516551466564637,0.516619616733532,-0.00170375422235969,0.00170375422235969,3.40750844471938e-05,"increasing_beta_decreases_top_prob"
"SPL-DU-00012","Unknown",0.5166,"cg14503441",0.403829480194381,0.02,0.516619100131021,0.516552045429538,0.0016763675370679,0.0016763675370679,3.3527350741358e-05,"increasing_beta_increases_top_prob"
"SPL-DU-00012","Unknown",0.5166,"cg23194926",0.0873496464575182,0.02,0.516618828849435,0.516552303655844,0.00166312983976014,0.00166312983976014,3.32625967952027e-05,"increasing_beta_increases_top_prob"
"SPL-DU-00012","Unknown",0.5166,"cg18048953",0.791171662034328,0.02,0.516617858036009,0.51655328271778,0.00161438295573357,0.00161438295573357,3.22876591146714e-05,"increasing_beta_increases_top_prob"
"SPL-DU-00012","Unknown",0.5166,"cg25840318",0.94328000283244,0.02,0.516616858494543,0.516554249617294,0.00156522193122399,0.00156522193122399,3.13044386244798e-05,"increasing_beta_increases_top_prob"
"SPL-DU-00012","Unknown",0.5166,"cg04205664",0.896481431986535,0.02,0.516554949343388,0.516616165950729,-0.00153041518351216,0.00153041518351216,3.06083036702431e-05,"increasing_beta_decreases_top_prob"
"SPL-DU-00012","Unknown",0.5166,"cg02589685",0.245662058119676,0.02,0.516615947685764,0.516555183129379,0.00151911390963988,0.00151911390963988,3.03822781927976e-05,"increasing_beta_increases_top_prob"
"SPL-DU-00012","Unknown",0.5166,"cg07515565",0.880352880116685,0.02,0.516613840896795,0.516557293468445,0.00141368570874822,0.00141368570874822,2.82737141749645e-05,"increasing_beta_increases_top_prob"
"SPL-DU-00012","Unknown",0.5166,"cg27500148",0.577902319716449,0.02,0.516557337905924,0.516613804726645,-0.00141167051803947,0.00141167051803947,2.82334103607895e-05,"increasing_beta_decreases_top_prob"
"SPL-DU-00012","Unknown",0.5166,"cg14831380",0.376710673533457,0.02,0.516557426365672,0.516613721266958,-0.00140737253215561,0.00140737253215561,2.81474506431123e-05,"increasing_beta_decreases_top_prob"
"SPL-DU-00012","Unknown",0.5166,"cg22663389",0.869603860179704,0.02,0.516557597124341,0.516613538139696,-0.00139852538386942,0.00139852538386942,2.79705076773884e-05,"increasing_beta_decreases_top_prob"
"SPL-DU-00012","Unknown",0.5166,"cg18873878",0.957826291423994,0.02,0.516613428449184,0.516557668343847,0.00139400263343414,0.00139400263343414,2.78800526686828e-05,"increasing_beta_increases_top_prob"
"SPL-DU-00012","Unknown",0.5166,"cg14531663",0.579816510244024,0.02,0.516611932309035,0.516559156090507,0.0013194054632043,0.0013194054632043,2.63881092640861e-05,"increasing_beta_increases_top_prob"
"SPL-DU-00012","Unknown",0.5166,"cg10942056",0.871962104295051,0.02,0.516559197532236,0.516611939121577,-0.0013185397335469,0.0013185397335469,2.63707946709379e-05,"increasing_beta_decreases_top_prob"
"SPL-DU-00012","Unknown",0.5166,"cg16479539",0.0341229016349873,0.02,0.516610984453309,0.516560148370003,0.00127090208264791,0.00127090208264791,2.54180416529581e-05,"increasing_beta_increases_top_prob"
"SPL-DU-00013","MELA",0.4075,"cg24876960",0.531930589808581,0.02,0.407607111407531,0.407295655837468,0.00778638925156837,0.00778638925156837,0.000155727785031368,"increasing_beta_increases_top_prob"
"SPL-DU-00013","MELA",0.4075,"cg03543448",0.911523260951559,0.02,0.407336344259545,0.407566417497683,-0.00575183095343906,0.00575183095343906,0.000115036619068781,"increasing_beta_decreases_top_prob"
"SPL-DU-00013","MELA",0.4075,"cg25009327",0.544797430843999,0.02,0.407558472367842,0.407344277576057,0.00535486979460903,0.00535486979460903,0.000107097395892181,"increasing_beta_increases_top_prob"
"SPL-DU-00013","MELA",0.4075,"cg04205664",0.867354380400701,0.02,0.407557518235674,0.407345245062132,0.00530682933854581,0.00530682933854581,0.000106136586770916,"increasing_beta_increases_top_prob"
"SPL-DU-00013","MELA",0.4075,"cg18803147",0.544797430843999,0.02,0.407351939680696,0.407550752493391,-0.00497032031736982,0.00497032031736982,9.94064063473964e-05,"increasing_beta_decreases_top_prob"
"SPL-DU-00013","MELA",0.4075,"cg27143688",0.544797430843999,0.02,0.407354057240161,0.407548709380705,-0.00486630351361622,0.00486630351361622,9.73260702723243e-05,"increasing_beta_decreases_top_prob"
"SPL-DU-00013","MELA",0.4075,"cg18701481",0.123954335423743,0.02,0.407547031597757,0.407355662365637,0.00478423080299273,0.00478423080299273,9.56846160598546e-05,"increasing_beta_increases_top_prob"
"SPL-DU-00013","MELA",0.4075,"cg14239111",0.544797430843999,0.02,0.40735957380642,0.407543241674609,-0.00459169670471021,0.00459169670471021,9.18339340942042e-05,"increasing_beta_decreases_top_prob"
"SPL-DU-00013","MELA",0.4075,"cg02719245",0.544797430843999,0.02,0.407542487884473,0.407360306271829,0.00455454031610264,0.00455454031610264,9.10908063220527e-05,"increasing_beta_increases_top_prob"
"SPL-DU-00013","MELA",0.4075,"cg24365464",0.544797430843999,0.02,0.407540609953288,0.407362082121926,0.0044631957840463,0.0044631957840463,8.9263915680926e-05,"increasing_beta_increases_top_prob"
"SPL-DU-00013","MELA",0.4075,"cg08891071",0.445233796532056,0.02,0.407536563908484,0.407366144950137,0.00426047395866158,0.00426047395866158,8.52094791732316e-05,"increasing_beta_increases_top_prob"
"SPL-DU-00013","MELA",0.4075,"cg15703970",0.220704798363328,0.02,0.407367105657356,0.40753560919151,-0.00421258835385796,0.00421258835385796,8.42517670771592e-05,"increasing_beta_decreases_top_prob"
"SPL-DU-00013","MELA",0.4075,"cg12777520",0.544797430843999,0.02,0.407369642547697,0.407533077525679,-0.004085874449547,0.004085874449547,8.17174889909399e-05,"increasing_beta_decreases_top_prob"
"SPL-DU-00013","MELA",0.4075,"cg13736514",0.872439492232823,0.02,0.407532624385374,0.407370064227324,0.00406400395123324,0.00406400395123324,8.12800790246648e-05,"increasing_beta_increases_top_prob"
"SPL-DU-00013","MELA",0.4075,"cg00456343",0.544797430843999,0.02,0.407371177174027,0.407531599935254,-0.00401056903068658,0.00401056903068658,8.02113806137316e-05,"increasing_beta_decreases_top_prob"
"SPL-DU-00013","MELA",0.4075,"cg04546413",0.611416230225268,0.02,0.407371469158219,0.407531242527746,-0.00399433423816514,0.00399433423816514,7.98866847633028e-05,"increasing_beta_decreases_top_prob"
"SPL-DU-00013","MELA",0.4075,"cg18448746",0.544797430843999,0.02,0.407372528802342,0.407530305573397,-0.00394441927639016,0.00394441927639016,7.88883855278032e-05,"increasing_beta_decreases_top_prob"
"SPL-DU-00013","MELA",0.4075,"cg14601621",0.223966542757189,0.02,0.407373970190544,0.407528729028774,-0.00386897095576155,0.00386897095576155,7.73794191152311e-05,"increasing_beta_decreases_top_prob"
"SPL-DU-00013","MELA",0.4075,"cg27501759",0.838147154663601,0.02,0.407527457507934,0.407375307926743,0.00380373952978963,0.00380373952978963,7.60747905957925e-05,"increasing_beta_increases_top_prob"
"SPL-DU-00013","MELA",0.4075,"cg00631329",0.880361259320292,0.02,0.407526973892725,0.407375774742847,0.00377997874694141,0.00377997874694141,7.55995749388282e-05,"increasing_beta_increases_top_prob"
"SPL-DU-00013","MELA",0.4075,"cg07776993",0.169798963769487,0.02,0.407375933234259,0.40752685120477,-0.00377294926277999,0.00377294926277999,7.54589852555998e-05,"increasing_beta_decreases_top_prob"
"SPL-DU-00013","MELA",0.4075,"cg17433211",0.839694062822386,0.02,0.407377340280781,0.40752536066457,-0.00370050959470902,0.00370050959470902,7.40101918941804e-05,"increasing_beta_decreases_top_prob"
"SPL-DU-00013","MELA",0.4075,"cg14087921",0.544797430843999,0.02,0.407377771148306,0.407525041410621,-0.00368175655787034,0.00368175655787034,7.36351311574068e-05,"increasing_beta_decreases_top_prob"
"SPL-DU-00013","MELA",0.4075,"cg12539796",0.906760282195712,0.02,0.407521909848914,0.407380839232551,0.00352676540907037,0.00352676540907037,7.05353081814075e-05,"increasing_beta_increases_top_prob"
"SPL-DU-00013","MELA",0.4075,"cg23548201",0.544797430843999,0.02,0.40752160108999,0.407381120496733,0.00351201483140689,0.00351201483140689,7.02402966281379e-05,"increasing_beta_increases_top_prob"
"SPL-DU-00014","ONB",0.713,"cg10559585",0.306422122874285,0.02,0.712935165564384,0.712984027937979,-0.00122155933987289,0.00122155933987289,2.44311867974578e-05,"increasing_beta_decreases_top_prob"
"SPL-DU-00014","ONB",0.713,"cg10439246",0.033897555207125,0.02,0.712982339390097,0.712936869196908,0.00113675482972808,0.00113675482972808,2.27350965945616e-05,"increasing_beta_increases_top_prob"
"SPL-DU-00014","ONB",0.713,"cg07515565",0.55907679603015,0.02,0.712981065259139,0.712938132218888,0.00107332600625953,0.00107332600625953,2.14665201251907e-05,"increasing_beta_increases_top_prob"
"SPL-DU-00014","ONB",0.713,"cg00922420",0.198070232216643,0.02,0.712939117931512,0.712980073357461,-0.00102388564874045,0.00102388564874045,2.04777129748091e-05,"increasing_beta_decreases_top_prob"
"SPL-DU-00014","ONB",0.713,"cg08317738",0.306422122874285,0.02,0.71297905802261,0.712940140256274,0.000972944158408872,0.000972944158408872,1.94588831681774e-05,"increasing_beta_increases_top_prob"
"SPL-DU-00014","ONB",0.713,"cg15567340",0.306422122874285,0.02,0.712978987792476,0.71294020416924,0.000969590580895962,0.000969590580895962,1.93918116179192e-05,"increasing_beta_increases_top_prob"
"SPL-DU-00014","ONB",0.713,"cg13340765",0.306422122874285,0.02,0.712978553252431,0.712940647024112,0.000947655707969618,0.000947655707969618,1.89531141593924e-05,"increasing_beta_increases_top_prob"
"SPL-DU-00014","ONB",0.713,"cg05950157",0.306422122874285,0.02,0.712978518719532,0.712940678693793,0.00094600064347583,0.00094600064347583,1.89200128695166e-05,"increasing_beta_increases_top_prob"
"SPL-DU-00014","ONB",0.713,"cg04382396",0.954329300066161,0.02,0.712978376629988,0.712940815275531,0.000939033861424575,0.000939033861424575,1.87806772284915e-05,"increasing_beta_increases_top_prob"
"SPL-DU-00014","ONB",0.713,"cg07486474",0.0328880868085767,0.02,0.712977916089411,0.712941295841241,0.000915506204254845,0.000915506204254845,1.83101240850969e-05,"increasing_beta_increases_top_prob"
"SPL-DU-00014","ONB",0.713,"cg23402467",0.865519281352521,0.02,0.712977380136246,0.712941814123989,0.000889150306426777,0.000889150306426777,1.77830061285355e-05,"increasing_beta_increases_top_prob"
"SPL-DU-00014","ONB",0.713,"cg10257302",0.306422122874285,0.02,0.712941872406533,0.712977321881601,-0.00088623687670708,0.00088623687670708,1.77247375341416e-05,"increasing_beta_decreases_top_prob"
"SPL-DU-00014","ONB",0.713,"cg25650964",0.877131595667132,0.02,0.712977150139087,0.71294204428783,0.000877646281444155,0.000877646281444155,1.75529256288831e-05,"increasing_beta_increases_top_prob"
"SPL-DU-00014","ONB",0.713,"cg18020955",0.306422122874285,0.02,0.712942071687572,0.712977128227886,-0.00087641350786094,0.00087641350786094,1.75282701572188e-05,"increasing_beta_decreases_top_prob"
"SPL-DU-00014","ONB",0.713,"cg12498801",0.306422122874285,0.02,0.712976832686407,0.712942362313945,0.00086175931154897,0.00086175931154897,1.72351862309794e-05,"increasing_beta_increases_top_prob"
"SPL-DU-00014","ONB",0.713,"cg14503441",0.306422122874285,0.02,0.712976723103592,0.712942470833431,0.000856306754007385,0.000856306754007385,1.71261350801477e-05,"increasing_beta_increases_top_prob"
"SPL-DU-00014","ONB",0.713,"cg09571972",0.719133477213962,0.02,0.712976641512986,0.71294256077645,0.00085201841341087,0.00085201841341087,1.70403682682174e-05,"increasing_beta_increases_top_prob"
"SPL-DU-00014","ONB",0.713,"cg02019444",0.306422122874285,0.02,0.712976558452721,0.712942634503856,0.000848098721611955,0.000848098721611955,1.69619744322391e-05,"increasing_beta_increases_top_prob"
"SPL-DU-00014","ONB",0.713,"cg17433211",0.866203216748232,0.02,0.712975705994353,0.712943486368048,0.000805490657623808,0.000805490657623808,1.61098131524762e-05,"increasing_beta_increases_top_prob"
"SPL-DU-00014","ONB",0.713,"cg16721321",0.0895778784625489,0.02,0.712943553199428,0.712975639303862,-0.000802152610857032,0.000802152610857032,1.60430522171406e-05,"increasing_beta_decreases_top_prob"
"SPL-DU-00014","ONB",0.713,"cg15703970",0.811621480909389,0.02,0.71297558757683,0.71294360784268,0.00079949335377305,0.00079949335377305,1.5989867075461e-05,"increasing_beta_increases_top_prob"
"SPL-DU-00014","ONB",0.713,"cg02311374",0.306422122874285,0.02,0.712975475472077,0.712943727807543,0.000793691613359958,0.000793691613359958,1.58738322671992e-05,"increasing_beta_increases_top_prob"
"SPL-DU-00014","ONB",0.713,"cg04865531",0.306422122874285,0.02,0.712975060030061,0.712944130889296,0.00077322851913808,0.00077322851913808,1.54645703827616e-05,"increasing_beta_increases_top_prob"
"SPL-DU-00014","ONB",0.713,"cg14757228",0.306422122874285,0.02,0.712974888875017,0.71294431534971,0.000764338132669406,0.000764338132669406,1.52867626533881e-05,"increasing_beta_increases_top_prob"
"SPL-DU-00014","ONB",0.713,"cg22663389",0.696428218346689,0.02,0.712974677266155,0.712944519938189,0.000753933199143519,0.000753933199143519,1.50786639828704e-05,"increasing_beta_increases_top_prob"
"SPL-DU-00015","Unknown",0.6143,"cg24876960",0.058052006997101,0.02,0.614149214476004,0.614458275268723,-0.00772651981796324,0.00772651981796324,0.000154530396359265,"increasing_beta_decreases_top_prob"
"SPL-DU-00015","Unknown",0.6143,"cg03543448",0.92351159720893,0.02,0.614416066153723,0.614191450431823,0.00561539304751168,0.00561539304751168,0.000112307860950234,"increasing_beta_increases_top_prob"
"SPL-DU-00015","Unknown",0.6143,"cg04205664",0.848128062660481,0.02,0.614202053286878,0.614405466340257,-0.00508532633446967,0.00508532633446967,0.000101706526689393,"increasing_beta_decreases_top_prob"
"SPL-DU-00015","Unknown",0.6143,"cg25009327",0.863330134422593,0.02,0.614204287794367,0.614403241566341,-0.00497384429935243,0.00497384429935243,9.94768859870487e-05,"increasing_beta_decreases_top_prob"
"SPL-DU-00015","Unknown",0.6143,"cg02719245",0.0540816179607394,0.02,0.614205701318683,0.614401799632729,-0.00490245785112753,0.00490245785112753,9.80491570225506e-05,"increasing_beta_decreases_top_prob"
"SPL-DU-00015","Unknown",0.6143,"cg24365464",0.0697217640136369,0.02,0.614208571399265,0.614398996817191,-0.00476063544816996,0.00476063544816996,9.52127089633992e-05,"increasing_beta_decreases_top_prob"
"SPL-DU-00015","Unknown",0.6143,"cg18701481",0.052615718386238,0.02,0.61420938291073,0.614398184369968,-0.00472003648095409,0.00472003648095409,9.44007296190819e-05,"increasing_beta_decreases_top_prob"
"SPL-DU-00015","Unknown",0.6143,"cg27143688",0.510736101334371,0.02,0.614396085924025,0.61421143370569,0.00461630545836866,0.00461630545836866,9.23261091673732e-05,"increasing_beta_increases_top_prob"
"SPL-DU-00015","Unknown",0.6143,"cg18803147",0.510736101334371,0.02,0.614393705058739,0.614213862497784,0.00449606402387892,0.00449606402387892,8.99212804775783e-05,"increasing_beta_increases_top_prob"
"SPL-DU-00015","Unknown",0.6143,"cg13736514",0.608024304479073,0.02,0.614215963097334,0.614391608032334,-0.00439112337501102,0.00439112337501102,8.78224675002203e-05,"increasing_beta_decreases_top_prob"
"SPL-DU-00015","Unknown",0.6143,"cg00631329",0.536051247703717,0.02,0.614221911038419,0.614385623175835,-0.00409280343539875,0.00409280343539875,8.1856068707975e-05,"increasing_beta_decreases_top_prob"
"SPL-DU-00015","Unknown",0.6143,"cg14239111",0.510736101334371,0.02,0.614385382075903,0.614222109603025,0.00408181182194877,0.00408181182194877,8.16362364389755e-05,"increasing_beta_increases_top_prob"
"SPL-DU-00015","Unknown",0.6143,"cg12777520",0.831977382980288,0.02,0.614385056719537,0.614222496514397,0.00406400512849847,0.00406400512849847,8.12801025699694e-05,"increasing_beta_increases_top_prob"
"SPL-DU-00015","Unknown",0.6143,"cg15703970",0.631198931758534,0.02,0.614382261073969,0.614225297328163,0.00392409364515233,0.00392409364515233,7.84818729030467e-05,"increasing_beta_increases_top_prob"
"SPL-DU-00015","Unknown",0.6143,"cg27501759",0.302124932498761,0.02,0.614225683524608,0.614381841905789,-0.00390395952953315,0.00390395952953315,7.8079190590663e-05,"increasing_beta_decreases_top_prob"
"SPL-DU-00015","Unknown",0.6143,"cg08891071",0.462273294042202,0.02,0.614225996440354,0.614381566628012,-0.00388925469146095,0.00388925469146095,7.7785093829219e-05,"increasing_beta_decreases_top_prob"
"SPL-DU-00015","Unknown",0.6143,"cg18448746",0.510736101334371,0.02,0.614379872479294,0.614227609462088,0.00380657543015694,0.00380657543015694,7.61315086031388e-05,"increasing_beta_increases_top_prob"
"SPL-DU-00015","Unknown",0.6143,"cg04546413",0.693188040172909,0.02,0.614379353285989,0.614228206982304,0.00377865759213225,0.00377865759213225,7.5573151842645e-05,"increasing_beta_increases_top_prob"
"SPL-DU-00015","Unknown",0.6143,"cg14601621",0.443851985703415,0.02,0.614379298675794,0.614228270410535,0.00377570663148141,0.00377570663148141,7.55141326296282e-05,"increasing_beta_increases_top_prob"
"SPL-DU-00015","Unknown",0.6143,"cg00456343",0.510736101334371,0.02,0.61437557027666,0.614231948132009,0.00359055361627558,0.00359055361627558,7.18110723255116e-05,"increasing_beta_increases_top_prob"
"SPL-DU-00015","Unknown",0.6143,"cg07776993",0.665026336860338,0.02,0.614374137214298,0.614233378380054,0.00351897085610619,0.00351897085610619,7.03794171221239e-05,"increasing_beta_increases_top_prob"
"SPL-DU-00015","Unknown",0.6143,"cg04382396",0.565813556559304,0.02,0.614372341016791,0.614235231065305,0.00342774878716589,0.00342774878716589,6.85549757433179e-05,"increasing_beta_increases_top_prob"
"SPL-DU-00015","Unknown",0.6143,"cg23548201",0.510736101334371,0.02,0.61423749010791,0.614370066876625,-0.00331441921785913,0.00331441921785913,6.62883843571826e-05,"increasing_beta_decreases_top_prob"
"SPL-DU-00015","Unknown",0.6143,"cg12539796",0.510736101334371,0.02,0.614237996115982,0.614369541161948,-0.00328862614912828,0.00328862614912828,6.57725229825656e-05,"increasing_beta_decreases_top_prob"
"SPL-DU-00015","Unknown",0.6143,"cg03871124",0.510736101334371,0.02,0.614238714626332,0.61436885388281,-0.00325348141196335,0.00325348141196335,6.5069628239267e-05,"increasing_beta_decreases_top_prob"
"SPL-DU-00016","MELA",0.5761,"cg24876960",0.0431168181720833,0.02,0.576123351658226,0.575981447215247,0.00354761107446144,0.00354761107446144,7.09522214892288e-05,"increasing_beta_increases_top_prob"
"SPL-DU-00016","MELA",0.5761,"cg14239111",0.562390033946682,0.02,0.576004496557323,0.576100339973022,-0.00239608539246982,0.00239608539246982,4.79217078493965e-05,"increasing_beta_decreases_top_prob"
"SPL-DU-00016","MELA",0.5761,"cg18803147",0.806391624778077,0.02,0.576005507833081,0.576099242531695,-0.00234336746535724,0.00234336746535724,4.68673493071447e-05,"increasing_beta_decreases_top_prob"
"SPL-DU-00016","MELA",0.5761,"cg03543448",0.866798678029129,0.02,0.576005661871236,0.576099136379382,-0.00233686270365851,0.00233686270365851,4.67372540731703e-05,"increasing_beta_decreases_top_prob"
"SPL-DU-00016","MELA",0.5761,"cg25009327",0.562390033946682,0.02,0.576097257847994,0.5760075330432,0.0022431201198575,0.0022431201198575,4.486240239715e-05,"increasing_beta_increases_top_prob"
"SPL-DU-00016","MELA",0.5761,"cg04205664",0.912292915696192,0.02,0.576097044258865,0.576007756163401,0.00223220238658728,0.00223220238658728,4.46440477317455e-05,"increasing_beta_increases_top_prob"
"SPL-DU-00016","MELA",0.5761,"cg08891071",0.259033643982299,0.02,0.576096893783587,0.576007868938304,0.0022256211320848,0.0022256211320848,4.4512422641696e-05,"increasing_beta_increases_top_prob"
"SPL-DU-00016","MELA",0.5761,"cg27143688",0.562390033946682,0.02,0.576009329486646,0.576095474368581,-0.00215362204835923,0.00215362204835923,4.30724409671845e-05,"increasing_beta_decreases_top_prob"
"SPL-DU-00016","MELA",0.5761,"cg19429281",0.0507533888160699,0.02,0.576094675541388,0.576010101920643,0.00211434051863579,0.00211434051863579,4.22868103727159e-05,"increasing_beta_increases_top_prob"
"SPL-DU-00016","MELA",0.5761,"cg15703970",0.26771978032097,0.02,0.576010123671252,0.576094643597976,-0.00211299816808008,0.00211299816808008,4.22599633616016e-05,"increasing_beta_decreases_top_prob"
"SPL-DU-00016","MELA",0.5761,"cg24365464",0.0454725744689433,0.02,0.576093698535364,0.576011052352167,0.00206615457992165,0.00206615457992165,4.1323091598433e-05,"increasing_beta_increases_top_prob"
"SPL-DU-00016","MELA",0.5761,"cg12539796",0.920426894688015,0.02,0.57609230855319,0.576012483382549,0.00199562926601615,0.00199562926601615,3.9912585320323e-05,"increasing_beta_increases_top_prob"
"SPL-DU-00016","MELA",0.5761,"cg02719245",0.0676374213364213,0.02,0.576092230145485,0.576012592112575,0.0019909508227528,0.0019909508227528,3.9819016455056e-05,"increasing_beta_increases_top_prob"
"SPL-DU-00016","MELA",0.5761,"cg18691800",0.0270664481574681,0.02,0.576091790165977,0.576013095346571,0.00196737048514251,0.00196737048514251,3.93474097028501e-05,"increasing_beta_increases_top_prob"
"SPL-DU-00016","MELA",0.5761,"cg12777520",0.884779890753768,0.02,0.576013054504756,0.576091716856673,-0.00196655879792506,0.00196655879792506,3.93311759585013e-05,"increasing_beta_decreases_top_prob"
"SPL-DU-00016","MELA",0.5761,"cg14087921",0.562390033946682,0.02,0.576013106614206,0.576091729330913,-0.00196556791767222,0.00196556791767222,3.93113583534443e-05,"increasing_beta_decreases_top_prob"
"SPL-DU-00016","MELA",0.5761,"cg18701481",0.0782468115103237,0.02,0.576091438318361,0.576013313619075,0.00195311748214522,0.00195311748214522,3.90623496429043e-05,"increasing_beta_increases_top_prob"
"SPL-DU-00016","MELA",0.5761,"cg07776993",0.113626822805644,0.02,0.576013558693683,0.576091257642052,-0.00194247370924883,0.00194247370924883,3.88494741849765e-05,"increasing_beta_decreases_top_prob"
"SPL-DU-00016","MELA",0.5761,"cg14601621",0.178130859443838,0.02,0.576014087030086,0.576090670024555,-0.00191457486172497,0.00191457486172497,3.82914972344994e-05,"increasing_beta_decreases_top_prob"
"SPL-DU-00016","MELA",0.5761,"cg04546413",0.940189076573943,0.02,0.576014386625962,0.576090377737976,-0.00189977780032657,0.00189977780032657,3.79955560065314e-05,"increasing_beta_decreases_top_prob"
"SPL-DU-00016","MELA",0.5761,"cg27501759",0.755041513427132,0.02,0.576089484744636,0.576015319032212,0.00185414281061724,0.00185414281061724,3.70828562123448e-05,"increasing_beta_increases_top_prob"
"SPL-DU-00016","MELA",0.5761,"cg08317738",0.562390033946682,0.02,0.57601590709641,0.576088874788624,-0.00182419230535247,0.00182419230535247,3.64838461070493e-05,"increasing_beta_decreases_top_prob"
"SPL-DU-00016","MELA",0.5761,"cg26256223",0.562390033946682,0.02,0.576016784742558,0.576088030168935,-0.00178113565942051,0.00178113565942051,3.56227131884101e-05,"increasing_beta_decreases_top_prob"
"SPL-DU-00016","MELA",0.5761,"cg00456343",0.562390033946682,0.02,0.576017551415049,0.576087260628384,-0.00174273033339278,0.00174273033339278,3.48546066678556e-05,"increasing_beta_decreases_top_prob"
"SPL-DU-00016","MELA",0.5761,"cg24794228",0.0504461965572839,0.02,0.576086179347708,0.576018585955355,0.00168983480882123,0.00168983480882123,3.37966961764247e-05,"increasing_beta_increases_top_prob"
"SPL-DU-00020","NEC-like SMARCA4 ARID1A",0.8422,"cg18147606",0.192600541187826,0.02,0.842140425271815,0.84216933924354,-0.000722849293119388,0.000722849293119388,1.44569858623878e-05,"increasing_beta_decreases_top_prob"
"SPL-DU-00020","NEC-like SMARCA4 ARID1A",0.8422,"cg02583740",0.81001660599675,0.02,0.842143778692711,0.842165991719163,-0.000555325661283356,0.000555325661283356,1.11065132256671e-05,"increasing_beta_decreases_top_prob"
"SPL-DU-00020","NEC-like SMARCA4 ARID1A",0.8422,"cg04781796",0.874525226962383,0.02,0.842145173195747,0.842164589796193,-0.000485415011128309,0.000485415011128309,9.70830022256618e-06,"increasing_beta_decreases_top_prob"
"SPL-DU-00020","NEC-like SMARCA4 ARID1A",0.8422,"cg04096619",0.93132059223074,0.02,0.842145785373083,0.842163983162782,-0.000454944742486751,0.000454944742486751,9.09889484973502e-06,"increasing_beta_decreases_top_prob"
"SPL-DU-00020","NEC-like SMARCA4 ARID1A",0.8422,"cg26199445",0.275429798027502,0.02,0.842146088859704,0.842163688422154,-0.000439989061237766,0.000439989061237766,8.79978122475533e-06,"increasing_beta_decreases_top_prob"
"SPL-DU-00020","NEC-like SMARCA4 ARID1A",0.8422,"cg01980591",0.919301522481865,0.02,0.842146100758398,0.84216367184105,-0.000439277066294208,0.000439277066294208,8.78554132588415e-06,"increasing_beta_decreases_top_prob"
"SPL-DU-00020","NEC-like SMARCA4 ARID1A",0.8422,"cg14503441",0.12741251357633,0.02,0.842146191470888,0.842163574416424,-0.000434573638388724,0.000434573638388724,8.69147276777449e-06,"increasing_beta_decreases_top_prob"
"SPL-DU-00020","NEC-like SMARCA4 ARID1A",0.8422,"cg02311374",0.947056041053819,0.02,0.842146373344562,0.842163401817634,-0.000425711826793073,0.000425711826793073,8.51423653586147e-06,"increasing_beta_decreases_top_prob"
"SPL-DU-00020","NEC-like SMARCA4 ARID1A",0.8422,"cg23548201",0.426667763318429,0.02,0.842163275402785,0.842146493317482,0.000419552132585598,0.000419552132585598,8.39104265171197e-06,"increasing_beta_increases_top_prob"
"SPL-DU-00020","NEC-like SMARCA4 ARID1A",0.8422,"cg20174636",0.0356688242292391,0.02,0.842146568568222,0.842163221233627,-0.000416316635112879,0.000416316635112879,8.32633270225758e-06,"increasing_beta_decreases_top_prob"
"SPL-DU-00020","NEC-like SMARCA4 ARID1A",0.8422,"cg13930261",0.426667763318429,0.02,0.842146589725291,0.842163183102476,-0.000414834429612875,0.000414834429612875,8.29668859225751e-06,"increasing_beta_decreases_top_prob"
"SPL-DU-00020","NEC-like SMARCA4 ARID1A",0.8422,"cg02589685",0.122780019636037,0.02,0.842146641447021,0.842163128342872,-0.000412172396282995,0.000412172396282995,8.2434479256599e-06,"increasing_beta_decreases_top_prob"
"SPL-DU-00020","NEC-like SMARCA4 ARID1A",0.8422,"cg12777520",0.426667763318429,0.02,0.842146910816824,0.842162858129867,-0.000398682826066587,0.000398682826066587,7.97365652133174e-06,"increasing_beta_decreases_top_prob"
"SPL-DU-00020","NEC-like SMARCA4 ARID1A",0.8422,"cg17227257",0.426667763318429,0.02,0.842162693850501,0.842147081813725,0.000390300919408948,0.000390300919408948,7.80601838817895e-06,"increasing_beta_increases_top_prob"
"SPL-DU-00020","NEC-like SMARCA4 ARID1A",0.8422,"cg26075184",0.15402178789771,0.02,0.842147179220149,0.842162590083238,-0.000385271577230118,0.000385271577230118,7.70543154460235e-06,"increasing_beta_decreases_top_prob"
"SPL-DU-00020","NEC-like SMARCA4 ARID1A",0.8422,"cg03532263",0.426667763318429,0.02,0.842162519082261,0.842147254527478,0.000381613869576691,0.000381613869576691,7.63227739153382e-06,"increasing_beta_increases_top_prob"
"SPL-DU-00020","NEC-like SMARCA4 ARID1A",0.8422,"cg19767548",0.680958948641302,0.02,0.84216226068602,0.842147503132347,0.000368938841827093,0.000368938841827093,7.37877683654186e-06,"increasing_beta_increases_top_prob"
"SPL-DU-00020","NEC-like SMARCA4 ARID1A",0.8422,"cg09047573",0.116798327721275,0.02,0.842147740262986,0.842162028427314,-0.000357204108197839,0.000357204108197839,7.14408216395679e-06,"increasing_beta_decreases_top_prob"
"SPL-DU-00020","NEC-like SMARCA4 ARID1A",0.8422,"cg10257302",0.923212671526791,0.02,0.842161984981392,0.84214778172497,0.000355081410549629,0.000355081410549629,7.10162821099258e-06,"increasing_beta_increases_top_prob"
"SPL-DU-00020","NEC-like SMARCA4 ARID1A",0.8422,"cg16400350",0.426667763318429,0.02,0.842161914283762,0.842147854781374,0.00035148755969383,0.00035148755969383,7.0297511938766e-06,"increasing_beta_increases_top_prob"
"SPL-DU-00020","NEC-like SMARCA4 ARID1A",0.8422,"cg00059246",0.182945470071512,0.02,0.842147906830016,0.842161856774729,-0.000348748617831629,0.000348748617831629,6.97497235663258e-06,"increasing_beta_decreases_top_prob"
"SPL-DU-00020","NEC-like SMARCA4 ARID1A",0.8422,"cg19535896",0.426667763318429,0.02,0.842147947283332,0.84216181956861,-0.000346807131951232,0.000346807131951232,6.93614263902464e-06,"increasing_beta_decreases_top_prob"
"SPL-DU-00020","NEC-like SMARCA4 ARID1A",0.8422,"cg04819096",0.21454850961033,0.02,0.842147961169422,0.842161819427476,-0.000346456451352784,0.000346456451352784,6.92912902705567e-06,"increasing_beta_decreases_top_prob"
"SPL-DU-00020","NEC-like SMARCA4 ARID1A",0.8422,"cg05638439",0.969979858312517,0.02,0.842147960984896,0.842161810221376,-0.000346230911996148,0.000346230911996148,6.92461823992296e-06,"increasing_beta_decreases_top_prob"
"SPL-DU-00020","NEC-like SMARCA4 ARID1A",0.8422,"cg06843889",0.123956613240626,0.02,0.842148011408548,0.842161772810256,-0.00034403504268754,0.00034403504268754,6.88070085375081e-06,"increasing_beta_decreases_top_prob"
"SPL-DU-00021","SCC",0.8098,"cg25840318",0.431692801741943,0.02,0.809757416691214,0.809840391527394,-0.00207437090451734,0.00207437090451734,4.14874180903468e-05,"increasing_beta_decreases_top_prob"
"SPL-DU-00021","SCC",0.8098,"cg02719245",0.0703380495946168,0.02,0.809837155248085,0.809760660512217,0.00191236839671705,0.00191236839671705,3.82473679343409e-05,"increasing_beta_increases_top_prob"
"SPL-DU-00021","SCC",0.8098,"cg20803293",0.392882160380743,0.02,0.809835674521927,0.80976210311403,0.00183928519742749,0.00183928519742749,3.67857039485497e-05,"increasing_beta_increases_top_prob"
"SPL-DU-00021","SCC",0.8098,"cg08101036",0.0332685881658104,0.02,0.809833361894528,0.809764428615135,0.00172333198483754,0.00172333198483754,3.44666396967508e-05,"increasing_beta_increases_top_prob"
"SPL-DU-00021","SCC",0.8098,"cg27143688",0.392882160380743,0.02,0.809765556296524,0.809832254143743,-0.00166744618047831,0.00166744618047831,3.33489236095663e-05,"increasing_beta_decreases_top_prob"
"SPL-DU-00021","SCC",0.8098,"cg22343728",0.735360313295098,0.02,0.80983126809615,0.809766540465541,0.00161819076524017,0.00161819076524017,3.23638153048033e-05,"increasing_beta_increases_top_prob"
"SPL-DU-00021","SCC",0.8098,"cg09782540",0.806893438263373,0.02,0.809830537349253,0.809767252597467,0.00158211879466574,0.00158211879466574,3.16423758933148e-05,"increasing_beta_increases_top_prob"
"SPL-DU-00021","SCC",0.8098,"cg08818984",0.820342521658237,0.02,0.809767599182197,0.809830210860124,-0.00156529194818566,0.00156529194818566,3.13058389637133e-05,"increasing_beta_decreases_top_prob"
"SPL-DU-00021","SCC",0.8098,"cg04329125",0.922327062410089,0.02,0.809769501093519,0.809828298647899,-0.00146993885949409,0.00146993885949409,2.93987771898818e-05,"increasing_beta_decreases_top_prob"
"SPL-DU-00021","SCC",0.8098,"cg00921266",0.0382848763885565,0.02,0.809828267619119,0.809769522450375,0.00146862921859836,0.00146862921859836,2.93725843719672e-05,"increasing_beta_increases_top_prob"
"SPL-DU-00021","SCC",0.8098,"cg11969330",0.392882160380743,0.02,0.809828153638101,0.809769635250281,0.00146295969550014,0.00146295969550014,2.92591939100028e-05,"increasing_beta_increases_top_prob"
"SPL-DU-00021","SCC",0.8098,"cg14642259",0.0599208030773786,0.02,0.809770117422965,0.809827664860674,-0.001438685942734,0.001438685942734,2.87737188546799e-05,"increasing_beta_decreases_top_prob"
"SPL-DU-00021","SCC",0.8098,"cg03204678",0.706060655236385,0.02,0.809827063514986,0.80977074429416,0.00140798052065127,0.00140798052065127,2.81596104130255e-05,"increasing_beta_increases_top_prob"
"SPL-DU-00021","SCC",0.8098,"cg21986027",0.616489675582022,0.02,0.809826263788847,0.80977153484679,0.00136822355142618,0.00136822355142618,2.73644710285237e-05,"increasing_beta_increases_top_prob"
"SPL-DU-00021","SCC",0.8098,"cg03543448",0.814665791982167,0.02,0.809773327334046,0.809824486640432,-0.0012789826596471,0.0012789826596471,2.5579653192942e-05,"increasing_beta_decreases_top_prob"
"SPL-DU-00021","SCC",0.8098,"cg09530810",0.801523143623824,0.02,0.809823999821159,0.809773794486528,0.00125513336576288,0.00125513336576288,2.51026673152577e-05,"increasing_beta_increases_top_prob"
"SPL-DU-00021","SCC",0.8098,"cg16877681",0.149863130631604,0.02,0.809774040185802,0.809823772247274,-0.00124330153679908,0.00124330153679908,2.48660307359816e-05,"increasing_beta_decreases_top_prob"
"SPL-DU-00021","SCC",0.8098,"cg26256223",0.392882160380743,0.02,0.809823772576657,0.809774046906964,0.00124314174231865,0.00124314174231865,2.48628348463731e-05,"increasing_beta_increases_top_prob"
"SPL-DU-00021","SCC",0.8098,"cg02630214",0.841840174111715,0.02,0.809774568144375,0.809823245597309,-0.00121693632336162,0.00121693632336162,2.43387264672323e-05,"increasing_beta_decreases_top_prob"
"SPL-DU-00021","SCC",0.8098,"cg07515565",0.153582659656547,0.02,0.809774587602049,0.809823209136626,-0.00121553836442412,0.00121553836442412,2.43107672884824e-05,"increasing_beta_decreases_top_prob"
"SPL-DU-00021","SCC",0.8098,"cg11090364",0.0949867029221161,0.02,0.809822075504601,0.809775736607884,0.00115847241793365,0.00115847241793365,2.31694483586731e-05,"increasing_beta_increases_top_prob"
"SPL-DU-00021","SCC",0.8098,"cg24365464",0.174079271589607,0.02,0.809822029614865,0.809775759647591,0.00115674918185482,0.00115674918185482,2.31349836370964e-05,"increasing_beta_increases_top_prob"
"SPL-DU-00021","SCC",0.8098,"cg24292703",0.859659615652353,0.02,0.809821601593267,0.809776183360389,0.00113545582193508,0.00113545582193508,2.27091164387016e-05,"increasing_beta_increases_top_prob"
"SPL-DU-00021","SCC",0.8098,"cg03027241",0.100620140014126,0.02,0.809821558924441,0.809776232557549,0.0011331591722924,0.0011331591722924,2.26631834458479e-05,"increasing_beta_increases_top_prob"
"SPL-DU-00021","SCC",0.8098,"cg25425140",0.738766170703156,0.02,0.809776306582385,0.809821511030897,-0.00113011121279649,0.00113011121279649,2.26022242559298e-05,"increasing_beta_decreases_top_prob"
"SPL-DU-00022","Unknown",0.5672,"cg02086195",0.366949399832505,0.02,0.566986426956963,0.567478819338249,-0.0123098095321683,0.0123098095321683,0.000246196190643366,"increasing_beta_decreases_top_prob"
"SPL-DU-00022","Unknown",0.5672,"cg25009327",0.541164675234821,0.02,0.567010376882914,0.567454894521351,-0.0111129409609223,0.0111129409609223,0.000222258819218446,"increasing_beta_decreases_top_prob"
"SPL-DU-00022","Unknown",0.5672,"cg03543448",0.878522432506072,0.02,0.567443840598038,0.567021431035703,0.0105602390583687,0.0105602390583687,0.000211204781167373,"increasing_beta_increases_top_prob"
"SPL-DU-00022","Unknown",0.5672,"cg25840318",0.661508841666204,0.02,0.567442429295346,0.567022836240462,0.0104898263721176,0.0104898263721176,0.000209796527442352,"increasing_beta_increases_top_prob"
"SPL-DU-00022","Unknown",0.5672,"cg01980591",0.964323469125439,0.02,0.567432374398173,0.567032909287111,0.009986627776562,0.009986627776562,0.00019973255553124,"increasing_beta_increases_top_prob"
"SPL-DU-00022","Unknown",0.5672,"cg13343687",0.754879627277208,0.02,0.567056556374272,0.56740876212801,-0.00880514384347108,0.00880514384347108,0.000176102876869422,"increasing_beta_decreases_top_prob"
"SPL-DU-00022","Unknown",0.5672,"cg13656404",0.32449077066438,0.02,0.567407769422761,0.56705751336238,0.00875640150951317,0.00875640150951317,0.000175128030190263,"increasing_beta_increases_top_prob"
"SPL-DU-00022","Unknown",0.5672,"cg24876960",0.638476675167776,0.02,0.567059957771522,0.567405320623358,-0.00863407129589876,0.00863407129589876,0.000172681425917975,"increasing_beta_decreases_top_prob"
"SPL-DU-00022","Unknown",0.5672,"cg17953716",0.792150086453554,0.02,0.567075307618232,0.567389988327808,-0.00786701773939912,0.00786701773939912,0.000157340354787982,"increasing_beta_decreases_top_prob"
"SPL-DU-00022","Unknown",0.5672,"cg14757228",0.541164675234821,0.02,0.567389019415639,0.567076273626205,0.00781864473585191,0.00781864473585191,0.000156372894717038,"increasing_beta_increases_top_prob"
"SPL-DU-00022","Unknown",0.5672,"cg14531663",0.525324579599597,0.02,0.567387198544865,0.567078066362188,0.00772830456691464,0.00772830456691464,0.000154566091338293,"increasing_beta_increases_top_prob"
"SPL-DU-00022","Unknown",0.5672,"cg02792168",0.872993532636425,0.02,0.567383125830412,0.567082173557331,0.00752380682702002,0.00752380682702002,0.0001504761365404,"increasing_beta_increases_top_prob"
"SPL-DU-00022","Unknown",0.5672,"cg04029027",0.444794106549541,0.02,0.567374149143485,0.567091178859129,0.00707425710889386,0.00707425710889386,0.000141485142177877,"increasing_beta_increases_top_prob"
"SPL-DU-00022","Unknown",0.5672,"cg14642259",0.0999167572851302,0.02,0.567373342954823,0.567091986244482,0.00703391775851991,0.00703391775851991,0.000140678355170398,"increasing_beta_increases_top_prob"
"SPL-DU-00022","Unknown",0.5672,"cg24292703",0.633353417649959,0.02,0.567092817370298,0.567372515652027,-0.00699245704322282,0.00699245704322282,0.000139849140864456,"increasing_beta_decreases_top_prob"
"SPL-DU-00022","Unknown",0.5672,"cg18048953",0.535504528182713,0.02,0.567372110619072,0.567093210151917,0.00697251167886547,0.00697251167886547,0.000139450233577309,"increasing_beta_increases_top_prob"
"SPL-DU-00022","Unknown",0.5672,"cg04382396",0.912659959675212,0.02,0.567371520592854,0.567093807985474,0.00694281518449912,0.00694281518449912,0.000138856303689982,"increasing_beta_increases_top_prob"
"SPL-DU-00022","Unknown",0.5672,"cg04828133",0.454307165965329,0.02,0.567364118431324,0.567101187722244,0.0065732677269975,0.0065732677269975,0.00013146535453995,"increasing_beta_increases_top_prob"
"SPL-DU-00022","Unknown",0.5672,"cg04205664",0.887657335219279,0.02,0.567102239486844,0.567363060219239,-0.00652051830986044,0.00652051830986044,0.000130410366197209,"increasing_beta_decreases_top_prob"
"SPL-DU-00022","Unknown",0.5672,"cg09510476",0.889775147913058,0.02,0.567361841264925,0.56710347342034,0.00645919611462208,0.00645919611462208,0.000129183922292442,"increasing_beta_increases_top_prob"
"SPL-DU-00022","Unknown",0.5672,"cg06631310",0.255678118384592,0.02,0.567361550739511,0.567103757096658,0.00644484107133747,0.00644484107133747,0.000128896821426749,"increasing_beta_increases_top_prob"
"SPL-DU-00022","Unknown",0.5672,"cg18175808",0.711768022821146,0.02,0.567360943122397,0.567104386961864,0.00641390401331653,0.00641390401331653,0.000128278080266331,"increasing_beta_increases_top_prob"
"SPL-DU-00022","Unknown",0.5672,"cg08101036",0.0919903315792079,0.02,0.567104472337756,0.567360849362056,-0.00640942560749813,0.00640942560749813,0.000128188512149963,"increasing_beta_decreases_top_prob"
"SPL-DU-00022","Unknown",0.5672,"cg18691800",0.364453431402193,0.02,0.567106071080835,0.567359177990237,-0.00632767273503198,0.00632767273503198,0.00012655345470064,"increasing_beta_decreases_top_prob"
"SPL-DU-00022","Unknown",0.5672,"cg08254359",0.541164675234821,0.02,0.567359038263764,0.567106276751314,0.00631903781125042,0.00631903781125042,0.000126380756225008,"increasing_beta_increases_top_prob"
"SPL-DU-00023","Unknown",0.9133,"cg25840318",0.837352669909492,0.02,0.913275749531429,0.91324027827106,0.000886781509235045,0.000886781509235045,1.77356301847009e-05,"increasing_beta_increases_top_prob"
"SPL-DU-00023","Unknown",0.9133,"cg02719245",0.0612642636529142,0.02,0.913241368334632,0.913274660387404,-0.000832301319309003,0.000832301319309003,1.66460263861801e-05,"increasing_beta_decreases_top_prob"
"SPL-DU-00023","Unknown",0.9133,"cg09782540",0.060960036661915,0.02,0.91324328847205,0.913272746169654,-0.000736442440121832,0.000736442440121832,1.47288488024366e-05,"increasing_beta_decreases_top_prob"
"SPL-DU-00023","Unknown",0.9133,"cg20803293",0.434263281120915,0.02,0.913243362719208,0.91327267382845,-0.000732777731035638,0.000732777731035638,1.46555546207128e-05,"increasing_beta_decreases_top_prob"
"SPL-DU-00023","Unknown",0.9133,"cg03204678",0.108707280766426,0.02,0.913243545379317,0.913272487766562,-0.00072355968112614,0.00072355968112614,1.44711936225228e-05,"increasing_beta_decreases_top_prob"
"SPL-DU-00023","Unknown",0.9133,"cg27143688",0.434263281120915,0.02,0.913272289894639,0.91324374296785,0.000713673169705497,0.000713673169705497,1.42734633941099e-05,"increasing_beta_increases_top_prob"
"SPL-DU-00023","Unknown",0.9133,"cg22343728",0.434263281120915,0.02,0.913243825446794,0.913272207584121,-0.000709553433173026,0.000709553433173026,1.41910686634605e-05,"increasing_beta_decreases_top_prob"
"SPL-DU-00023","Unknown",0.9133,"cg04329125",0.965948245273599,0.02,0.913271685159193,0.913244349933198,0.000683380649879605,0.000683380649879605,1.36676129975921e-05,"increasing_beta_increases_top_prob"
"SPL-DU-00023","Unknown",0.9133,"cg14642259",0.434263281120915,0.02,0.913270575853674,0.913245462742775,0.000627827772464728,0.000627827772464728,1.25565554492946e-05,"increasing_beta_increases_top_prob"
"SPL-DU-00023","Unknown",0.9133,"cg11969330",0.434263281120915,0.02,0.913245500577796,0.913270537067229,-0.000625912235813208,0.000625912235813208,1.25182447162642e-05,"increasing_beta_decreases_top_prob"
"SPL-DU-00023","Unknown",0.9133,"cg08101036",0.0653343008665794,0.02,0.913245694352168,0.913270343171246,-0.000616220476948315,0.000616220476948315,1.23244095389663e-05,"increasing_beta_decreases_top_prob"
"SPL-DU-00023","Unknown",0.9133,"cg09510476",0.434263281120915,0.02,0.913270193869564,0.913245843056078,0.000608770337143238,0.000608770337143238,1.21754067428648e-05,"increasing_beta_increases_top_prob"
"SPL-DU-00023","Unknown",0.9133,"cg03543448",0.910788343555169,0.02,0.913270126916251,0.913245908265131,0.000605466277997512,0.000605466277997512,1.21093255599502e-05,"increasing_beta_increases_top_prob"
"SPL-DU-00023","Unknown",0.9133,"cg08818984",0.434263281120915,0.02,0.913270117682322,0.913245917399493,0.000605007070722529,0.000605007070722529,1.21001414144506e-05,"increasing_beta_increases_top_prob"
"SPL-DU-00023","Unknown",0.9133,"cg07515565",0.192246774785204,0.02,0.913270091346858,0.913245946219372,0.000603628187145766,0.000603628187145766,1.20725637429153e-05,"increasing_beta_increases_top_prob"
"SPL-DU-00023","Unknown",0.9133,"cg09530810",0.434263281120915,0.02,0.913246585558678,0.913269452818355,-0.000571681491920439,0.000571681491920439,1.14336298384088e-05,"increasing_beta_decreases_top_prob"
"SPL-DU-00023","Unknown",0.9133,"cg11090364",0.066099192257199,0.02,0.913246848707264,0.913269187626948,-0.00055847299207934,0.00055847299207934,1.11694598415868e-05,"increasing_beta_decreases_top_prob"
"SPL-DU-00023","Unknown",0.9133,"cg24292703",0.118430115158311,0.02,0.913246949809533,0.913269090598128,-0.000553519714885375,0.000553519714885375,1.10703942977075e-05,"increasing_beta_decreases_top_prob"
"SPL-DU-00023","Unknown",0.9133,"cg16877681",0.0457997575745195,0.02,0.913268839163804,0.913247197239151,0.000541048116331489,0.000541048116331489,1.08209623266298e-05,"increasing_beta_increases_top_prob"
"SPL-DU-00023","Unknown",0.9133,"cg02630214",0.802355277648177,0.02,0.91326879199082,0.91324724445421,0.000538688415249732,0.000538688415249732,1.07737683049946e-05,"increasing_beta_increases_top_prob"
"SPL-DU-00023","Unknown",0.9133,"cg26256223",0.434263281120915,0.02,0.913247380262574,0.913268655059559,-0.000531869924624839,0.000531869924624839,1.06373984924968e-05,"increasing_beta_decreases_top_prob"
"SPL-DU-00023","Unknown",0.9133,"cg25425140",0.895209207272275,0.02,0.913268154543432,0.913247882028485,0.000506812873671269,0.000506812873671269,1.01362574734254e-05,"increasing_beta_increases_top_prob"
"SPL-DU-00023","Unknown",0.9133,"cg03356172",0.0510504973024837,0.02,0.913268126077285,0.913247910339493,0.000505393444805158,0.000505393444805158,1.01078688961032e-05,"increasing_beta_increases_top_prob"
"SPL-DU-00023","Unknown",0.9133,"cg00921266",0.434263281120915,0.02,0.913248526380424,0.913267514115284,-0.000474693371482759,0.000474693371482759,9.49386742965518e-06,"increasing_beta_decreases_top_prob"
"SPL-DU-00023","Unknown",0.9133,"cg04777726",0.0494917542983397,0.02,0.913267490140257,0.913248544527758,0.000473640312476098,0.000473640312476098,9.47280624952196e-06,"increasing_beta_increases_top_prob"
"SPL-DU-00024","Unknown",0.8667,"cg25840318",0.664829212741968,0.02,0.866796503207962,0.866697853924967,0.00246623207487972,0.00246623207487972,4.93246414975945e-05,"increasing_beta_increases_top_prob"
"SPL-DU-00024","Unknown",0.8667,"cg03543448",0.711649861519207,0.02,0.866795145276359,0.866699214688699,0.00239826469150273,0.00239826469150273,4.79652938300545e-05,"increasing_beta_increases_top_prob"
"SPL-DU-00024","Unknown",0.8667,"cg02086195",0.194170563326108,0.02,0.866699992845954,0.866794359403034,-0.0023591639269932,0.0023591639269932,4.71832785398641e-05,"increasing_beta_decreases_top_prob"
"SPL-DU-00024","Unknown",0.8667,"cg01980591",0.938520553550057,0.02,0.866793421233771,0.866700940396277,0.00231202093736449,0.00231202093736449,4.62404187472898e-05,"increasing_beta_increases_top_prob"
"SPL-DU-00024","Unknown",0.8667,"cg25009327",0.87491215117551,0.02,0.866701623778407,0.866792739071253,-0.00227788232115555,0.00227788232115555,4.55576464231111e-05,"increasing_beta_decreases_top_prob"
"SPL-DU-00024","Unknown",0.8667,"cg13343687",0.299725363794272,0.02,0.866707971958877,0.866786403042783,-0.00196077709763709,0.00196077709763709,3.92155419527418e-05,"increasing_beta_decreases_top_prob"
"SPL-DU-00024","Unknown",0.8667,"cg13656404",0.707187528724369,0.02,0.866783942566777,0.866710425267061,0.00183793249289021,0.00183793249289021,3.67586498578043e-05,"increasing_beta_increases_top_prob"
"SPL-DU-00024","Unknown",0.8667,"cg14642259",0.881080630521183,0.02,0.86678304317586,0.866711336034989,0.00179267852176978,0.00179267852176978,3.58535704353957e-05,"increasing_beta_increases_top_prob"
"SPL-DU-00024","Unknown",0.8667,"cg24876960",0.0963720037062176,0.02,0.866711394929656,0.866782977715261,-0.00178956964013988,0.00178956964013988,3.57913928027975e-05,"increasing_beta_decreases_top_prob"
"SPL-DU-00024","Unknown",0.8667,"cg09510476",0.720398905450353,0.02,0.866782849755323,0.866711527448757,0.00178305766415088,0.00178305766415088,3.56611532830175e-05,"increasing_beta_increases_top_prob"
"SPL-DU-00024","Unknown",0.8667,"cg24292703",0.190526622551655,0.02,0.866712093684497,0.866782287610551,-0.00175484815135851,0.00175484815135851,3.50969630271703e-05,"increasing_beta_decreases_top_prob"
"SPL-DU-00024","Unknown",0.8667,"cg02792168",0.778712106908418,0.02,0.866781533628815,0.866712842254678,0.00171728435342522,0.00171728435342522,3.43456870685044e-05,"increasing_beta_increases_top_prob"
"SPL-DU-00024","Unknown",0.8667,"cg04029027",0.669788969103654,0.02,0.866781355773463,0.866713024151024,0.00170829056095611,0.00170829056095611,3.41658112191223e-05,"increasing_beta_increases_top_prob"
"SPL-DU-00024","Unknown",0.8667,"cg04382396",0.425461013730043,0.02,0.866780904618832,0.866713476938389,0.00168569201107471,0.00168569201107471,3.37138402214942e-05,"increasing_beta_increases_top_prob"
"SPL-DU-00024","Unknown",0.8667,"cg14531663",0.0531554642018847,0.02,0.866780239963157,0.866714131396445,0.00165271416779911,0.00165271416779911,3.30542833559821e-05,"increasing_beta_increases_top_prob"
"SPL-DU-00024","Unknown",0.8667,"cg14757228",0.152137871106575,0.02,0.866779867382325,0.866714507865582,0.00163398791858394,0.00163398791858394,3.26797583716787e-05,"increasing_beta_increases_top_prob"
"SPL-DU-00024","Unknown",0.8667,"cg17953716",0.647467761141019,0.02,0.866715197874746,0.866779179357452,-0.00159953706765636,0.00159953706765636,3.19907413531273e-05,"increasing_beta_decreases_top_prob"
"SPL-DU-00024","Unknown",0.8667,"cg04828133",0.0174922014007296,0.02,0.866778772424277,0.86671956539739,0.00157918246129095,0.00157918246129095,3.15836492258191e-05,"increasing_beta_increases_top_prob"
"SPL-DU-00024","Unknown",0.8667,"cg08254359",0.339353044564018,0.02,0.866777842116016,0.866716539767309,0.00153255871767621,0.00153255871767621,3.06511743535242e-05,"increasing_beta_increases_top_prob"
"SPL-DU-00024","Unknown",0.8667,"cg06631310",0.190595316322789,0.02,0.866776387494174,0.86671799439622,0.0014598274488381,0.0014598274488381,2.91965489767621e-05,"increasing_beta_increases_top_prob"
"SPL-DU-00024","Unknown",0.8667,"cg18691800",0.0362757103525483,0.02,0.866718561185028,0.866775810685121,-0.00143123750231122,0.00143123750231122,2.86247500462244e-05,"increasing_beta_decreases_top_prob"
"SPL-DU-00024","Unknown",0.8667,"cg18048953",0.739579873592837,0.02,0.866775726244114,0.866718658012665,0.00142670578622272,0.00142670578622272,2.85341157244545e-05,"increasing_beta_increases_top_prob"
"SPL-DU-00024","Unknown",0.8667,"cg04329125",0.255700234586072,0.02,0.866775666576366,0.866718717091393,0.00142373712431754,0.00142373712431754,2.84747424863507e-05,"increasing_beta_increases_top_prob"
"SPL-DU-00024","Unknown",0.8667,"cg08101036",0.686108547829336,0.02,0.86671941441117,0.866774971005944,-0.00138891486934356,0.00138891486934356,2.77782973868712e-05,"increasing_beta_decreases_top_prob"
"SPL-DU-00024","Unknown",0.8667,"cg03020006",0.95150997401947,0.02,0.86677488808533,0.866719494712349,0.00138483432453318,0.00138483432453318,2.76966864906636e-05,"increasing_beta_increases_top_prob"
"SPL-DU-00027","NEC-like SMARCA4 ARID1A",0.9229,"cg18147606",0.0532023687420486,0.02,0.922946185486539,0.922953236233636,-0.000176268677412605,0.000176268677412605,3.52537354825211e-06,"increasing_beta_decreases_top_prob"
"SPL-DU-00027","NEC-like SMARCA4 ARID1A",0.9229,"cg02676167",0.731636573773565,0.02,0.9229467298192,0.922952694487051,-0.000149116696282481,0.000149116696282481,2.98233392564961e-06,"increasing_beta_decreases_top_prob"
"SPL-DU-00027","NEC-like SMARCA4 ARID1A",0.9229,"cg19767548",0.342633940335127,0.02,0.922952528065608,0.922946893102945,0.000140874066581475,0.000140874066581475,2.81748133162951e-06,"increasing_beta_increases_top_prob"
"SPL-DU-00027","NEC-like SMARCA4 ARID1A",0.9229,"cg03532263",0.342633940335127,0.02,0.922952028800498,0.922947395403457,0.000115834926023295,0.000115834926023295,2.3166985204659e-06,"increasing_beta_increases_top_prob"
"SPL-DU-00027","NEC-like SMARCA4 ARID1A",0.9229,"cg17227257",0.342633940335127,0.02,0.922951997883904,0.922947426963025,0.000114273021978306,0.000114273021978306,2.28546043956612e-06,"increasing_beta_increases_top_prob"
"SPL-DU-00027","NEC-like SMARCA4 ARID1A",0.9229,"cg16400350",0.342633940335127,0.02,0.922951940368868,0.922947482469446,0.000111447485551253,0.000111447485551253,2.22894971102505e-06,"increasing_beta_increases_top_prob"
"SPL-DU-00027","NEC-like SMARCA4 ARID1A",0.9229,"cg06721601",0.342633940335127,0.02,0.922951923850678,0.92294750549178,0.000110458972463201,0.000110458972463201,2.20917944926402e-06,"increasing_beta_increases_top_prob"
"SPL-DU-00027","NEC-like SMARCA4 ARID1A",0.9229,"cg10559585",0.486654856703328,0.02,0.92295183486802,0.922947587603555,0.000106181611614353,0.000106181611614353,2.12363223228706e-06,"increasing_beta_increases_top_prob"
"SPL-DU-00027","NEC-like SMARCA4 ARID1A",0.9229,"cg02311374",0.904404969822554,0.02,0.922947601883895,0.922951822867316,-0.000105524585525263,0.000105524585525263,2.11049171050526e-06,"increasing_beta_decreases_top_prob"
"SPL-DU-00027","NEC-like SMARCA4 ARID1A",0.9229,"cg02338778",0.342633940335127,0.02,0.922951787605507,0.922947634689386,0.000103822903027573,0.000103822903027573,2.07645806055145e-06,"increasing_beta_increases_top_prob"
"SPL-DU-00027","NEC-like SMARCA4 ARID1A",0.9229,"cg13969788",0.866556422017177,0.02,0.922951736947859,0.922947684227404,0.000101318011369589,0.000101318011369589,2.02636022739178e-06,"increasing_beta_increases_top_prob"
"SPL-DU-00027","NEC-like SMARCA4 ARID1A",0.9229,"cg14757228",0.329478902608849,0.02,0.922951565454108,0.922947859620685,9.264583557822e-05,9.264583557822e-05,1.8529167115644e-06,"increasing_beta_increases_top_prob"
"SPL-DU-00027","NEC-like SMARCA4 ARID1A",0.9229,"cg26790247",0.342633940335127,0.02,0.922951549738509,0.922947872142848,9.19398915305568e-05,9.19398915305568e-05,1.83879783061114e-06,"increasing_beta_increases_top_prob"
"SPL-DU-00027","NEC-like SMARCA4 ARID1A",0.9229,"cg10257302",0.918648070887832,0.02,0.922951548760317,0.922947873479172,9.18820286244237e-05,9.18820286244237e-05,1.83764057248847e-06,"increasing_beta_increases_top_prob"
"SPL-DU-00027","NEC-like SMARCA4 ARID1A",0.9229,"cg03127558",0.730100744437142,0.02,0.922947909254815,0.922951515158776,-9.01475990161548e-05,9.01475990161548e-05,1.8029519803231e-06,"increasing_beta_decreases_top_prob"
"SPL-DU-00027","NEC-like SMARCA4 ARID1A",0.9229,"cg12486498",0.961787774913212,0.02,0.922951495371767,0.922947926439838,8.92232982191431e-05,8.92232982191431e-05,1.78446596438286e-06,"increasing_beta_increases_top_prob"
"SPL-DU-00027","NEC-like SMARCA4 ARID1A",0.9229,"cg23548201",0.873198221097546,0.02,0.922951485762943,0.922947937137623,8.87156329981708e-05,8.87156329981708e-05,1.77431265996342e-06,"increasing_beta_increases_top_prob"
"SPL-DU-00027","NEC-like SMARCA4 ARID1A",0.9229,"cg07350977",0.892060339131406,0.02,0.922947965997063,0.922951455742566,-8.72436375753959e-05,8.72436375753959e-05,1.74487275150792e-06,"increasing_beta_decreases_top_prob"
"SPL-DU-00027","NEC-like SMARCA4 ARID1A",0.9229,"cg26075184",0.342633940335127,0.02,0.922948035583785,0.92295138742891,-8.37961281113796e-05,8.37961281113796e-05,1.67592256222759e-06,"increasing_beta_decreases_top_prob"
"SPL-DU-00027","NEC-like SMARCA4 ARID1A",0.9229,"cg19403541",0.342633940335127,0.02,0.922948037527636,0.922951389046408,-8.37879692960896e-05,8.37879692960896e-05,1.67575938592179e-06,"increasing_beta_decreases_top_prob"
"SPL-DU-00027","NEC-like SMARCA4 ARID1A",0.9229,"cg02583740",0.0456558302027877,0.02,0.922948046128068,0.922951377431252,-8.32825796048819e-05,8.32825796048819e-05,1.66565159209764e-06,"increasing_beta_decreases_top_prob"
"SPL-DU-00027","NEC-like SMARCA4 ARID1A",0.9229,"cg13930261",0.158207129486242,0.02,0.92294804644925,0.922951377634748,-8.32796374389267e-05,8.32796374389267e-05,1.66559274877853e-06,"increasing_beta_decreases_top_prob"
"SPL-DU-00027","NEC-like SMARCA4 ARID1A",0.9229,"cg17356733",0.342633940335127,0.02,0.922951373494395,0.922948049005723,8.31122168004627e-05,8.31122168004627e-05,1.66224433600925e-06,"increasing_beta_increases_top_prob"
"SPL-DU-00027","NEC-like SMARCA4 ARID1A",0.9229,"cg09923954",0.427164475892657,0.02,0.922948069248322,0.922951353088186,-8.20959966091327e-05,8.20959966091327e-05,1.64191993218265e-06,"increasing_beta_decreases_top_prob"
"SPL-DU-00027","NEC-like SMARCA4 ARID1A",0.9229,"cg04096619",0.582500646307502,0.02,0.922948070632128,0.922951352218843,-8.20396678563595e-05,8.20396678563595e-05,1.64079335712719e-06,"increasing_beta_decreases_top_prob"
"SPL-DU-00029","ONB",0.8121,"cg10559585",0.334310436958926,0.02,0.812067702000292,0.812095985414977,-0.000707085367113169,0.000707085367113169,1.41417073422634e-05,"increasing_beta_decreases_top_prob"
"SPL-DU-00029","ONB",0.8121,"cg07515565",0.596317724363169,0.02,0.812094782917967,0.812068906881895,0.000646900901798974,0.000646900901798974,1.29380180359795e-05,"increasing_beta_increases_top_prob"
"SPL-DU-00029","ONB",0.8121,"cg00922420",0.231784305895904,0.02,0.812069762671107,0.812093923375091,-0.000604017599600826,0.000604017599600826,1.20803519920165e-05,"increasing_beta_decreases_top_prob"
"SPL-DU-00029","ONB",0.8121,"cg10439246",0.639732633948518,0.02,0.812093777729247,0.812069919408592,0.000596458016371981,0.000596458016371981,1.19291603274396e-05,"increasing_beta_increases_top_prob"
"SPL-DU-00029","ONB",0.8121,"cg08317738",0.320740345190722,0.02,0.812093280817487,0.812070409675325,0.000571778554050994,0.000571778554050994,1.14355710810199e-05,"increasing_beta_increases_top_prob"
"SPL-DU-00029","ONB",0.8121,"cg16721321",0.525128273226709,0.02,0.812071096305662,0.812092590450181,-0.000537353612975466,0.000537353612975466,1.07470722595093e-05,"increasing_beta_decreases_top_prob"
"SPL-DU-00029","ONB",0.8121,"cg15567340",0.818898900712137,0.02,0.81209250543151,0.81207118111985,0.000533107791483855,0.000533107791483855,1.06621558296771e-05,"increasing_beta_increases_top_prob"
"SPL-DU-00029","ONB",0.8121,"cg23402467",0.856284795949499,0.02,0.812092178743015,0.812071509261755,0.000516737031494574,0.000516737031494574,1.03347406298915e-05,"increasing_beta_increases_top_prob"
"SPL-DU-00029","ONB",0.8121,"cg04865531",0.320740345190722,0.02,0.81209210893488,0.812071576908807,0.000513300651808212,0.000513300651808212,1.02660130361642e-05,"increasing_beta_increases_top_prob"
"SPL-DU-00029","ONB",0.8121,"cg13340765",0.320740345190722,0.02,0.812092003192119,0.812071688771676,0.000507860511067548,0.000507860511067548,1.0157210221351e-05,"increasing_beta_increases_top_prob"
"SPL-DU-00029","ONB",0.8121,"cg25650964",0.816654499844305,0.02,0.812091924698279,0.812071763443125,0.00050403137883126,0.00050403137883126,1.00806275766252e-05,"increasing_beta_increases_top_prob"
"SPL-DU-00029","ONB",0.8121,"cg10257302",0.320740345190722,0.02,0.812071853495312,0.812091834646977,-0.000499528791625403,0.000499528791625403,9.99057583250806e-06,"increasing_beta_decreases_top_prob"
"SPL-DU-00029","ONB",0.8121,"cg14503441",0.480416383878553,0.02,0.812091783801013,0.812071904006513,0.000496994862497768,0.000496994862497768,9.93989724995537e-06,"increasing_beta_increases_top_prob"
"SPL-DU-00029","ONB",0.8121,"cg02019444",0.320740345190722,0.02,0.812091517091494,0.812072170257702,0.00048367084481693,0.00048367084481693,9.6734168963386e-06,"increasing_beta_increases_top_prob"
"SPL-DU-00029","ONB",0.8121,"cg04382396",0.98627331964534,0.02,0.812088483209716,0.81207218910973,0.000483121962013909,0.000483121962013909,9.66243924027818e-06,"increasing_beta_increases_top_prob"
"SPL-DU-00029","ONB",0.8121,"cg09571972",0.658268599745374,0.02,0.812091371983803,0.812072321239393,0.000476268610238861,0.000476268610238861,9.52537220477722e-06,"increasing_beta_increases_top_prob"
"SPL-DU-00029","ONB",0.8121,"cg07486474",0.320740345190722,0.02,0.812091276372916,0.812072422961766,0.000471335278742768,0.000471335278742768,9.42670557485536e-06,"increasing_beta_increases_top_prob"
"SPL-DU-00029","ONB",0.8121,"cg05950157",0.972734472688102,0.02,0.81209112945851,0.812072560639959,0.000464220463772258,0.000464220463772258,9.28440927544515e-06,"increasing_beta_increases_top_prob"
"SPL-DU-00029","ONB",0.8121,"cg18020955",0.320740345190722,0.02,0.81207257545315,0.812091116187814,-0.000463518366619619,0.000463518366619619,9.27036733239238e-06,"increasing_beta_decreases_top_prob"
"SPL-DU-00029","ONB",0.8121,"cg14122138",0.563320965237415,0.02,0.812090871047784,0.812072816380719,0.000451366676632036,0.000451366676632036,9.02733353264073e-06,"increasing_beta_increases_top_prob"
"SPL-DU-00029","ONB",0.8121,"cg22836359",0.835103220269995,0.02,0.812072931123147,0.812090763648717,-0.000445813139252071,0.000445813139252071,8.91626278504142e-06,"increasing_beta_decreases_top_prob"
"SPL-DU-00029","ONB",0.8121,"cg17433211",0.884432085796781,0.02,0.812090682824451,0.812073004150089,0.000441966859060505,0.000441966859060505,8.8393371812101e-06,"increasing_beta_increases_top_prob"
"SPL-DU-00029","ONB",0.8121,"cg06703222",0.261582414972511,0.02,0.812073372217497,0.812090314002939,-0.000423544636066198,0.000423544636066198,8.47089272132395e-06,"increasing_beta_decreases_top_prob"
"SPL-DU-00029","ONB",0.8121,"cg18048953",0.687008579474611,0.02,0.812090155889436,0.812073532944922,0.000415573612833064,0.000415573612833064,8.31147225666128e-06,"increasing_beta_increases_top_prob"
"SPL-DU-00029","ONB",0.8121,"cg22663389",0.624536831326871,0.02,0.812090148584788,0.812073541521508,0.000415176581997078,0.000415176581997078,8.30353163994157e-06,"increasing_beta_increases_top_prob"
"SPL-DU-00031","Unknown",0.819,"cg25840318",0.940250204543362,0.02,0.819049260882685,0.818951154773825,0.00245265272151851,0.00245265272151851,4.90530544303702e-05,"increasing_beta_increases_top_prob"
"SPL-DU-00031","Unknown",0.819,"cg02719245",0.127689893847095,0.02,0.818953043386955,0.819047370795935,-0.00235818522451303,0.00235818522451303,4.71637044902606e-05,"increasing_beta_decreases_top_prob"
"SPL-DU-00031","Unknown",0.819,"cg01980591",0.579870650791238,0.02,0.819047059953394,0.818953371647925,0.0023422076367241,0.0023422076367241,4.6844152734482e-05,"increasing_beta_increases_top_prob"
"SPL-DU-00031","Unknown",0.819,"cg07515565",0.756979730421226,0.02,0.819046427368389,0.818954017341836,0.00231025066380619,0.00231025066380619,4.62050132761238e-05,"increasing_beta_increases_top_prob"
"SPL-DU-00031","Unknown",0.819,"cg03799405",0.689442633310246,0.02,0.819045549016643,0.818954899181509,0.00226624587835178,0.00226624587835178,4.53249175670356e-05,"increasing_beta_increases_top_prob"
"SPL-DU-00031","Unknown",0.819,"cg03543448",0.689293513009424,0.02,0.819040049248581,0.818960383906966,0.00199163354037968,0.00199163354037968,3.98326708075935e-05,"increasing_beta_increases_top_prob"
"SPL-DU-00031","Unknown",0.819,"cg00907810",0.873464145814968,0.02,0.819039976317441,0.818960474946161,0.00198753428200249,0.00198753428200249,3.97506856400498e-05,"increasing_beta_increases_top_prob"
"SPL-DU-00031","Unknown",0.819,"cg18701481",0.0577079985261003,0.02,0.818961735129828,0.819038728142929,-0.00192482532753446,0.00192482532753446,3.84965065506893e-05,"increasing_beta_decreases_top_prob"
"SPL-DU-00031","Unknown",0.819,"cg24292703",0.60142396323977,0.02,0.818963532554839,0.819036931570457,-0.00183497539044952,0.00183497539044952,3.66995078089904e-05,"increasing_beta_decreases_top_prob"
"SPL-DU-00031","Unknown",0.819,"cg27143688",0.355029947555185,0.02,0.819036458457,0.818963973977675,0.00181211198314879,0.00181211198314879,3.62422396629758e-05,"increasing_beta_increases_top_prob"
"SPL-DU-00031","Unknown",0.819,"cg24876960",0.0953693749271873,0.02,0.818966686741256,0.819033743127692,-0.00167640966089178,0.00167640966089178,3.35281932178355e-05,"increasing_beta_decreases_top_prob"
"SPL-DU-00031","Unknown",0.819,"cg04546413",0.344213091186184,0.02,0.818967451036936,0.819033007839072,-0.00163892005339561,0.00163892005339561,3.27784010679122e-05,"increasing_beta_decreases_top_prob"
"SPL-DU-00031","Unknown",0.819,"cg25009327",0.899074942037083,0.02,0.818968944847227,0.819031499039774,-0.00156385481367982,0.00156385481367982,3.12770962735964e-05,"increasing_beta_decreases_top_prob"
"SPL-DU-00031","Unknown",0.819,"cg18048953",0.543368279068018,0.02,0.819031348588516,0.818969109754061,0.00155597086135828,0.00155597086135828,3.11194172271656e-05,"increasing_beta_increases_top_prob"
"SPL-DU-00031","Unknown",0.819,"cg25425140",0.182104418233764,0.02,0.81903106624235,0.818969371858406,0.00154235959859694,0.00154235959859694,3.08471919719389e-05,"increasing_beta_increases_top_prob"
"SPL-DU-00031","Unknown",0.819,"cg12777520",0.355029947555185,0.02,0.819029979349424,0.818970477665733,0.00148754209226831,0.00148754209226831,2.97508418453662e-05,"increasing_beta_increases_top_prob"
"SPL-DU-00031","Unknown",0.819,"cg05950157",0.960780547846794,0.02,0.819029314328744,0.818971143002281,0.0014542831615727,0.0014542831615727,2.9085663231454e-05,"increasing_beta_increases_top_prob"
"SPL-DU-00031","Unknown",0.819,"cg14601621",0.876157796149421,0.02,0.819029202812932,0.818971265119887,0.00144844232613794,0.00144844232613794,2.89688465227589e-05,"increasing_beta_increases_top_prob"
"SPL-DU-00031","Unknown",0.819,"cg00901687",0.818041889713591,0.02,0.819028573250993,0.818971892457317,0.00141701984189002,0.00141701984189002,2.83403968378004e-05,"increasing_beta_increases_top_prob"
"SPL-DU-00031","Unknown",0.819,"cg24365464",0.107364266988493,0.02,0.818972048140992,0.81902842156816,-0.00140933567918944,0.00140933567918944,2.81867135837888e-05,"increasing_beta_decreases_top_prob"
"SPL-DU-00031","Unknown",0.819,"cg11800620",0.819448684906169,0.02,0.819027995045011,0.818972467304554,0.00138819351141461,0.00138819351141461,2.77638702282923e-05,"increasing_beta_increases_top_prob"
"SPL-DU-00031","Unknown",0.819,"cg02583740",0.811989883096954,0.02,0.819027945777114,0.818972508339075,0.00138593595096215,0.00138593595096215,2.77187190192429e-05,"increasing_beta_increases_top_prob"
"SPL-DU-00031","Unknown",0.819,"cg03048372",0.876709660822889,0.02,0.819027856672057,0.818972607722059,0.00138122374996052,0.00138122374996052,2.76244749992105e-05,"increasing_beta_increases_top_prob"
"SPL-DU-00031","Unknown",0.819,"cg04205664",0.901542215483432,0.02,0.818972905370797,0.81902753483578,-0.00136573662457007,0.00136573662457007,2.73147324914013e-05,"increasing_beta_decreases_top_prob"
"SPL-DU-00031","Unknown",0.819,"cg03027241",0.890703697425465,0.02,0.818973379179401,0.819027086412643,-0.00134268083104017,0.00134268083104017,2.68536166208033e-05,"increasing_beta_decreases_top_prob"
"SPL-DU-00033","ONB",0.6618,"cg10559585",0.187970988162249,0.02,0.661814656253948,0.661879180925376,-0.00161311678570364,0.00161311678570364,3.22623357140728e-05,"increasing_beta_decreases_top_prob"
"SPL-DU-00033","ONB",0.6618,"cg00922420",0.335625864698163,0.02,0.661818287538023,0.661875547011284,-0.00143148683152128,0.00143148683152128,2.86297366304255e-05,"increasing_beta_decreases_top_prob"
"SPL-DU-00033","ONB",0.6618,"cg10439246",0.135601047906765,0.02,0.661873852506104,0.661820004070345,0.0013462108939627,0.0013462108939627,2.69242178792539e-05,"increasing_beta_increases_top_prob"
"SPL-DU-00033","ONB",0.6618,"cg07515565",0.781047145300299,0.02,0.66187161249273,0.661822230386552,0.00123455265443328,0.00123455265443328,2.46910530886657e-05,"increasing_beta_increases_top_prob"
"SPL-DU-00033","ONB",0.6618,"cg25650964",0.883426253779851,0.02,0.661871212089624,0.66182262627808,0.00121464528859971,0.00121464528859971,2.42929057719943e-05,"increasing_beta_increases_top_prob"
"SPL-DU-00033","ONB",0.6618,"cg13340765",0.254263386065077,0.02,0.661870963963997,0.661822882121731,0.00120204605666419,0.00120204605666419,2.40409211332837e-05,"increasing_beta_increases_top_prob"
"SPL-DU-00033","ONB",0.6618,"cg08317738",0.806415132606578,0.02,0.66187027170084,0.661823571981237,0.00116749299005903,0.00116749299005903,2.33498598011805e-05,"increasing_beta_increases_top_prob"
"SPL-DU-00033","ONB",0.6618,"cg23402467",0.900983660704977,0.02,0.661869586363283,0.661824252071871,0.00113335728529618,0.00113335728529618,2.26671457059235e-05,"increasing_beta_increases_top_prob"
"SPL-DU-00033","ONB",0.6618,"cg04382396",0.958407291968675,0.02,0.661869560496065,0.66182427524223,0.0011321313458823,0.0011321313458823,2.2642626917646e-05,"increasing_beta_increases_top_prob"
"SPL-DU-00033","ONB",0.6618,"cg16721321",0.180540586033084,0.02,0.661824300059886,0.661869536138727,-0.00113090197103039,0.00113090197103039,2.26180394206077e-05,"increasing_beta_decreases_top_prob"
"SPL-DU-00033","ONB",0.6618,"cg14503441",0.180286691890257,0.02,0.661869021820359,0.661824816310355,0.00110513775010424,0.00110513775010424,2.21027550020847e-05,"increasing_beta_increases_top_prob"
"SPL-DU-00033","ONB",0.6618,"cg18020955",0.254263386065077,0.02,0.661825493705241,0.661868351641496,-0.00107144840636453,0.00107144840636453,2.14289681272906e-05,"increasing_beta_decreases_top_prob"
"SPL-DU-00033","ONB",0.6618,"cg09571972",0.755634356930242,0.02,0.661868160789609,0.661825687871165,0.00106182296111257,0.00106182296111257,2.12364592222514e-05,"increasing_beta_increases_top_prob"
"SPL-DU-00033","ONB",0.6618,"cg02019444",0.871206372119038,0.02,0.661867467442545,0.661826369375735,0.00102745167026574,0.00102745167026574,2.05490334053149e-05,"increasing_beta_increases_top_prob"
"SPL-DU-00033","ONB",0.6618,"cg17433211",0.391128741004543,0.02,0.661867406669682,0.661826429705475,0.00102442410517545,0.00102442410517545,2.04884821035089e-05,"increasing_beta_increases_top_prob"
"SPL-DU-00033","ONB",0.6618,"cg15567340",0.626826706099396,0.02,0.661867240737994,0.661826595344736,0.00101613483144691,0.00101613483144691,2.03226966289382e-05,"increasing_beta_increases_top_prob"
"SPL-DU-00033","ONB",0.6618,"cg15703970",0.576645963125322,0.02,0.661867222367583,0.661826617613019,0.00101511886410055,0.00101511886410055,2.0302377282011e-05,"increasing_beta_increases_top_prob"
"SPL-DU-00033","ONB",0.6618,"cg10257302",0.254263386065077,0.02,0.661827071475582,0.66186676743926,-0.000992399091956364,0.000992399091956364,1.98479818391273e-05,"increasing_beta_decreases_top_prob"
"SPL-DU-00033","ONB",0.6618,"cg14122138",0.530719560694376,0.02,0.661866708447439,0.661827128635374,0.000989495301620401,0.000989495301620401,1.9789906032408e-05,"increasing_beta_increases_top_prob"
"SPL-DU-00033","ONB",0.6618,"cg18698788",0.0461387829285618,0.02,0.661866705412233,0.661827161370744,0.000988601037216208,0.000988601037216208,1.97720207443242e-05,"increasing_beta_increases_top_prob"
"SPL-DU-00033","ONB",0.6618,"cg07486474",0.92920245897737,0.02,0.661866572651719,0.66182728823797,0.000982110343739072,0.000982110343739072,1.96422068747814e-05,"increasing_beta_increases_top_prob"
"SPL-DU-00033","ONB",0.6618,"cg14757228",0.254263386065077,0.02,0.661866546454594,0.661827304303258,0.000981053783388752,0.000981053783388752,1.9621075667775e-05,"increasing_beta_increases_top_prob"
"SPL-DU-00033","ONB",0.6618,"cg22663389",0.73602670569031,0.02,0.661866407522758,0.661827434612548,0.000974322755262213,0.000974322755262213,1.94864551052443e-05,"increasing_beta_increases_top_prob"
"SPL-DU-00033","ONB",0.6618,"cg05950157",0.951569035049144,0.02,0.661866214900611,0.661827627851588,0.000964676225587157,0.000964676225587157,1.92935245117431e-05,"increasing_beta_increases_top_prob"
"SPL-DU-00033","ONB",0.6618,"cg12611488",0.148455732326557,0.02,0.661827940775296,0.661865896256804,-0.000948887037707791,0.000948887037707791,1.89777407541558e-05,"increasing_beta_decreases_top_prob"
"SPL-DU-00034","Unknown",0.7766,"cg02719245",0.0498783732373255,0.02,0.77654579396838,0.776667724213123,-0.00304825611857906,0.00304825611857906,6.09651223715812e-05,"increasing_beta_decreases_top_prob"
"SPL-DU-00034","Unknown",0.7766,"cg25840318",0.490320508195998,0.02,0.776665780594669,0.776547740205989,0.00295100971699769,0.00295100971699769,5.90201943399538e-05,"increasing_beta_increases_top_prob"
"SPL-DU-00034","Unknown",0.7766,"cg20803293",0.323644360918305,0.02,0.776553037066012,0.776660522382737,-0.00268713291813605,0.00268713291813605,5.37426583627209e-05,"increasing_beta_decreases_top_prob"
"SPL-DU-00034","Unknown",0.7766,"cg03204678",0.631519404409427,0.02,0.776556532906107,0.776657008702076,-0.00251189489923198,0.00251189489923198,5.02378979846396e-05,"increasing_beta_decreases_top_prob"
"SPL-DU-00034","Unknown",0.7766,"cg03543448",0.50085200348281,0.02,0.776655311895901,0.776558229833965,0.00242705154838984,0.00242705154838984,4.85410309677969e-05,"increasing_beta_increases_top_prob"
"SPL-DU-00034","Unknown",0.7766,"cg07515565",0.520870754594615,0.02,0.776654856482948,0.776558699844616,0.00240391595832112,0.00240391595832112,4.80783191664224e-05,"increasing_beta_increases_top_prob"
"SPL-DU-00034","Unknown",0.7766,"cg09510476",0.27076883147793,0.02,0.776651793985487,0.776561761053365,0.00225082330303217,0.00225082330303217,4.50164660606433e-05,"increasing_beta_increases_top_prob"
"SPL-DU-00034","Unknown",0.7766,"cg11969330",0.323644360918305,0.02,0.776564098919935,0.776649462359248,-0.00213408598281339,0.00213408598281339,4.26817196562678e-05,"increasing_beta_decreases_top_prob"
"SPL-DU-00034","Unknown",0.7766,"cg18701481",0.0669184144780519,0.02,0.776564528197239,0.776649045448582,-0.00211293128359047,0.00211293128359047,4.22586256718094e-05,"increasing_beta_decreases_top_prob"
"SPL-DU-00034","Unknown",0.7766,"cg27143688",0.236661771943558,0.02,0.776647673963728,0.776565864412245,0.00204523878708507,0.00204523878708507,4.09047757417014e-05,"increasing_beta_increases_top_prob"
"SPL-DU-00034","Unknown",0.7766,"cg24292703",0.636414110984473,0.02,0.776567288489991,0.776646284707706,-0.00197490544287526,0.00197490544287526,3.94981088575052e-05,"increasing_beta_decreases_top_prob"
"SPL-DU-00034","Unknown",0.7766,"cg22343728",0.110400821252859,0.02,0.776568688709554,0.77664484703126,-0.00190395804266497,0.00190395804266497,3.80791608532993e-05,"increasing_beta_decreases_top_prob"
"SPL-DU-00034","Unknown",0.7766,"cg18175808",0.86866539533485,0.02,0.776643991676973,0.776569583295258,0.00186020954288102,0.00186020954288102,3.72041908576204e-05,"increasing_beta_increases_top_prob"
"SPL-DU-00034","Unknown",0.7766,"cg08101036",0.08300837570222,0.02,0.776569781224246,0.776643775111131,-0.00184984717212233,0.00184984717212233,3.69969434424466e-05,"increasing_beta_decreases_top_prob"
"SPL-DU-00034","Unknown",0.7766,"cg02583740",0.869502195989607,0.02,0.776643611551974,0.776569950118383,0.00184153583977775,0.00184153583977775,3.6830716795555e-05,"increasing_beta_increases_top_prob"
"SPL-DU-00034","Unknown",0.7766,"cg04329125",0.102484173391817,0.02,0.776642566900892,0.776570984052071,0.00178957122053402,0.00178957122053402,3.57914244106805e-05,"increasing_beta_increases_top_prob"
"SPL-DU-00034","Unknown",0.7766,"cg05950157",0.464280238193949,0.02,0.776642142054445,0.776571423933246,0.00176795302997135,0.00176795302997135,3.53590605994269e-05,"increasing_beta_increases_top_prob"
"SPL-DU-00034","Unknown",0.7766,"cg01706334",0.525918571107789,0.02,0.776641118736966,0.776572450833942,0.00171669757559334,0.00171669757559334,3.43339515118668e-05,"increasing_beta_increases_top_prob"
"SPL-DU-00034","Unknown",0.7766,"cg26256223",0.323644360918305,0.02,0.776572629925891,0.776640910023351,-0.00170700243649346,0.00170700243649346,3.41400487298693e-05,"increasing_beta_decreases_top_prob"
"SPL-DU-00034","Unknown",0.7766,"cg25009327",0.796742690189824,0.02,0.776572673423698,0.776640881806222,-0.00170520956310205,0.00170520956310205,3.4104191262041e-05,"increasing_beta_decreases_top_prob"
"SPL-DU-00034","Unknown",0.7766,"cg18892244",0.323644360918305,0.02,0.776640874857768,0.776572672527244,0.00170505826310729,0.00170505826310729,3.41011652621459e-05,"increasing_beta_increases_top_prob"
"SPL-DU-00034","Unknown",0.7766,"cg11090364",0.0833150016884977,0.02,0.776572765931404,0.776640782963162,-0.0017004257939407,0.0017004257939407,3.40085158788139e-05,"increasing_beta_decreases_top_prob"
"SPL-DU-00034","Unknown",0.7766,"cg13343687",0.746102961772083,0.02,0.776572892542925,0.7766406858814,-0.00169483346187105,0.00169483346187105,3.38966692374209e-05,"increasing_beta_decreases_top_prob"
"SPL-DU-00034","Unknown",0.7766,"cg03329597",0.117548752130981,0.02,0.776572986787526,0.77664056221577,-0.00168938570610233,0.00168938570610233,3.37877141220466e-05,"increasing_beta_decreases_top_prob"
"SPL-DU-00034","Unknown",0.7766,"cg08818984",0.750283338951945,0.02,0.776640197663086,0.776573345192251,0.00167131177086777,0.00167131177086777,3.34262354173553e-05,"increasing_beta_increases_top_prob"
"SPL-DU-00037","NUT",0.4042,"cg10069155",0.328713251062223,0.02,0.404088503803898,0.404274230997764,-0.0046431798466473,0.0046431798466473,9.2863596932946e-05,"increasing_beta_decreases_top_prob"
"SPL-DU-00037","NUT",0.4042,"cg09923954",0.466710295424748,0.02,0.404239103528253,0.404123602695646,0.00288752081519516,0.00288752081519516,5.77504163039033e-05,"increasing_beta_increases_top_prob"
"SPL-DU-00037","NUT",0.4042,"cg21986027",0.899454197989759,0.02,0.404124620214851,0.404238094278727,-0.00283685159691432,0.00283685159691432,5.67370319382864e-05,"increasing_beta_decreases_top_prob"
"SPL-DU-00037","NUT",0.4042,"cg10101533",0.328713251062223,0.02,0.404125409276038,0.404237351767055,-0.00279856227543146,0.00279856227543146,5.59712455086291e-05,"increasing_beta_decreases_top_prob"
"SPL-DU-00037","NUT",0.4042,"cg13736514",0.725995155544083,0.02,0.404234200576897,0.404128497773882,0.0026425700753771,0.0026425700753771,5.2851401507542e-05,"increasing_beta_increases_top_prob"
"SPL-DU-00037","NUT",0.4042,"cg00631329",0.734104178082411,0.02,0.404232741767849,0.404129982283782,0.00256898710168513,0.00256898710168513,5.13797420337025e-05,"increasing_beta_increases_top_prob"
"SPL-DU-00037","NUT",0.4042,"cg17375267",0.0151715851676293,0.02,0.404231570259932,0.404143298968921,0.00250973308680022,0.00250973308680022,5.01946617360044e-05,"increasing_beta_increases_top_prob"
"SPL-DU-00037","NUT",0.4042,"cg05638439",0.902444587959714,0.02,0.404229873253243,0.404132841892459,0.00242578401961346,0.00242578401961346,4.85156803922692e-05,"increasing_beta_increases_top_prob"
"SPL-DU-00037","NUT",0.4042,"cg05950157",0.98160473340526,0.02,0.404136799875394,0.404229813391738,-0.00242252560257771,0.00242252560257771,4.84505120515542e-05,"increasing_beta_decreases_top_prob"
"SPL-DU-00037","NUT",0.4042,"cg08891071",0.233739201050304,0.02,0.404228783419945,0.404133921154894,0.00237155662627525,0.00237155662627525,4.7431132525505e-05,"increasing_beta_increases_top_prob"
"SPL-DU-00037","NUT",0.4042,"cg26256223",0.328713251062223,0.02,0.40422671855145,0.404136017411808,0.00226752849107059,0.00226752849107059,4.53505698214118e-05,"increasing_beta_increases_top_prob"
"SPL-DU-00037","NUT",0.4042,"cg14601621",0.835815578360067,0.02,0.404225554933304,0.404137145855948,0.00221022693389777,0.00221022693389777,4.42045386779554e-05,"increasing_beta_increases_top_prob"
"SPL-DU-00037","NUT",0.4042,"cg03356172",0.200435362977127,0.02,0.404225077093609,0.404137655052643,0.00218555102415308,0.00218555102415308,4.37110204830616e-05,"increasing_beta_increases_top_prob"
"SPL-DU-00037","NUT",0.4042,"cg13799970",0.982742201546846,0.02,0.404144875995507,0.404223667953524,-0.00211477761133184,0.00211477761133184,4.22955522266368e-05,"increasing_beta_decreases_top_prob"
"SPL-DU-00037","NUT",0.4042,"cg10296238",0.228543519446437,0.02,0.404223289005035,0.40413942735799,0.00209654117611646,0.00209654117611646,4.19308235223293e-05,"increasing_beta_increases_top_prob"
"SPL-DU-00037","NUT",0.4042,"cg03242698",0.15167665848861,0.02,0.404222791300482,0.404139923619291,0.00207169202977725,0.00207169202977725,4.1433840595545e-05,"increasing_beta_increases_top_prob"
"SPL-DU-00037","NUT",0.4042,"cg14122138",0.0446680198627265,0.02,0.404140132345246,0.404222568601542,-0.00206090640738898,0.00206090640738898,4.12181281477797e-05,"increasing_beta_decreases_top_prob"
"SPL-DU-00037","NUT",0.4042,"cg12611488",0.66349005788572,0.02,0.404222445904216,0.404140254999484,0.0020547726183151,0.0020547726183151,4.1095452366302e-05,"increasing_beta_increases_top_prob"
"SPL-DU-00037","NUT",0.4042,"cg04546413",0.290308087566525,0.02,0.40422243355085,0.404140272033426,0.0020540379355935,0.0020540379355935,4.108075871187e-05,"increasing_beta_increases_top_prob"
"SPL-DU-00037","NUT",0.4042,"cg24676817",0.666709384609946,0.02,0.404221968501247,0.404140769865442,0.00202996589513393,0.00202996589513393,4.05993179026786e-05,"increasing_beta_increases_top_prob"
"SPL-DU-00037","NUT",0.4042,"cg02583740",0.862582879410684,0.02,0.40422161941672,0.404141095959829,0.00201308642226588,0.00201308642226588,4.02617284453177e-05,"increasing_beta_increases_top_prob"
"SPL-DU-00037","NUT",0.4042,"cg00531453",0.760779479839587,0.02,0.404141332017603,0.404221376625983,-0.00200111520949342,0.00200111520949342,4.00223041898684e-05,"increasing_beta_decreases_top_prob"
"SPL-DU-00037","NUT",0.4042,"cg18698788",0.124227463621697,0.02,0.404141466866891,0.404221286350418,-0.00199548708817165,0.00199548708817165,3.99097417634331e-05,"increasing_beta_decreases_top_prob"
"SPL-DU-00037","NUT",0.4042,"cg06319475",0.0417167275704657,0.02,0.404220886256891,0.40414182399955,0.00197655643352917,0.00197655643352917,3.95311286705835e-05,"increasing_beta_increases_top_prob"
"SPL-DU-00037","NUT",0.4042,"cg06417478",0.462240284046801,0.02,0.404220643549531,0.404142063815391,0.00196449335350679,0.00196449335350679,3.92898670701358e-05,"increasing_beta_increases_top_prob"
"SPL-DU-00038","Unknown",0.8345,"cg18892244",0.46387213012441,0.02,0.834527231366045,0.83446643369778,0.0015199417066486,0.0015199417066486,3.03988341329719e-05,"increasing_beta_increases_top_prob"
"SPL-DU-00038","Unknown",0.8345,"cg12498801",0.46387213012441,0.02,0.834524625601733,0.834469050338001,0.00138938159330026,0.00138938159330026,2.77876318660053e-05,"increasing_beta_increases_top_prob"
"SPL-DU-00038","Unknown",0.8345,"cg07515565",0.77484310763051,0.02,0.834521570186735,0.834472104919154,0.00123663168952182,0.00123663168952182,2.47326337904363e-05,"increasing_beta_increases_top_prob"
"SPL-DU-00038","Unknown",0.8345,"cg02676167",0.933681802982037,0.02,0.834473003906835,0.834520668813527,-0.00119162266731532,0.00119162266731532,2.38324533463063e-05,"increasing_beta_decreases_top_prob"
"SPL-DU-00038","Unknown",0.8345,"cg07080050",0.894046170072874,0.02,0.834474034611569,0.83451964024679,-0.00114014088052894,0.00114014088052894,2.28028176105788e-05,"increasing_beta_decreases_top_prob"
"SPL-DU-00038","Unknown",0.8345,"cg09571972",0.638362900795891,0.02,0.834519358819423,0.834474313791381,0.00112612570103976,0.00112612570103976,2.25225140207952e-05,"increasing_beta_increases_top_prob"
"SPL-DU-00038","Unknown",0.8345,"cg12611488",0.145175898019088,0.02,0.834519247285472,0.834474432070204,0.00112038038171669,0.00112038038171669,2.24076076343338e-05,"increasing_beta_increases_top_prob"
"SPL-DU-00038","Unknown",0.8345,"cg15567340",0.46387213012441,0.02,0.834518928651033,0.834474752193799,0.00110441143084949,0.00110441143084949,2.20882286169899e-05,"increasing_beta_increases_top_prob"
"SPL-DU-00038","Unknown",0.8345,"cg09168808",0.777151170047482,0.02,0.834475170722591,0.834518509287999,-0.00108346413521809,0.00108346413521809,2.16692827043618e-05,"increasing_beta_decreases_top_prob"
"SPL-DU-00038","Unknown",0.8345,"cg23683010",0.470644618044125,0.02,0.83447520734215,0.834518472446502,-0.00108162760879549,0.00108162760879549,2.16325521759097e-05,"increasing_beta_decreases_top_prob"
"SPL-DU-00038","Unknown",0.8345,"cg17356733",0.46387213012441,0.02,0.834518330710232,0.834475348132421,0.00107456444529419,0.00107456444529419,2.14912889058838e-05,"increasing_beta_increases_top_prob"
"SPL-DU-00038","Unknown",0.8345,"cg03204678",0.155427541544486,0.02,0.834475549700783,0.834518122622453,-0.0010643230417634,0.0010643230417634,2.12864608352681e-05,"increasing_beta_decreases_top_prob"
"SPL-DU-00038","Unknown",0.8345,"cg18175808",0.827825928335524,0.02,0.834518002963656,0.834475677537476,0.00105813565451085,0.00105813565451085,2.1162713090217e-05,"increasing_beta_increases_top_prob"
"SPL-DU-00038","Unknown",0.8345,"cg18004701",0.100373040188594,0.02,0.834517993982224,0.83447568182398,0.00105780395611155,0.00105780395611155,2.11560791222309e-05,"increasing_beta_increases_top_prob"
"SPL-DU-00038","Unknown",0.8345,"cg10982443",0.46387213012441,0.02,0.834476041603672,0.834517638000573,-0.00103990992253444,0.00103990992253444,2.07981984506888e-05,"increasing_beta_decreases_top_prob"
"SPL-DU-00038","Unknown",0.8345,"cg17375267",0.0245931241804934,0.02,0.83451743219542,0.834476246449995,0.00102964363562774,0.00102964363562774,2.05928727125548e-05,"increasing_beta_increases_top_prob"
"SPL-DU-00038","Unknown",0.8345,"cg09782540",0.767152736181329,0.02,0.834517160838206,0.834476515232434,0.00101614014429985,0.00101614014429985,2.0322802885997e-05,"increasing_beta_increases_top_prob"
"SPL-DU-00038","Unknown",0.8345,"cg19767548",0.146508962624591,0.02,0.834517085332979,0.834476596313043,0.00101222549838131,0.00101222549838131,2.02445099676263e-05,"increasing_beta_increases_top_prob"
"SPL-DU-00038","Unknown",0.8345,"cg09923954",0.54421564633512,0.02,0.834476891275814,0.834516788089397,-0.000997420339557408,0.000997420339557408,1.99484067911482e-05,"increasing_beta_decreases_top_prob"
"SPL-DU-00038","Unknown",0.8345,"cg03718012",0.100917095941407,0.02,0.834516716866297,0.834476964295956,0.000993814258526404,0.000993814258526404,1.98762851705281e-05,"increasing_beta_increases_top_prob"
"SPL-DU-00038","Unknown",0.8345,"cg14227325",0.46387213012441,0.02,0.834477067729665,0.834516602359537,-0.000988365746804053,0.000988365746804053,1.97673149360811e-05,"increasing_beta_decreases_top_prob"
"SPL-DU-00038","Unknown",0.8345,"cg00907810",0.858003150867873,0.02,0.834516590992568,0.834477086931096,0.000987601536797666,0.000987601536797666,1.97520307359533e-05,"increasing_beta_increases_top_prob"
"SPL-DU-00038","Unknown",0.8345,"cg03020006",0.431448956869264,0.02,0.834516490301609,0.834477185563458,0.000982618453768124,0.000982618453768124,1.96523690753625e-05,"increasing_beta_increases_top_prob"
"SPL-DU-00038","Unknown",0.8345,"cg14601621",0.821654346882474,0.02,0.834516311142498,0.834477370372989,0.00097351923772082,0.00097351923772082,1.94703847544164e-05,"increasing_beta_increases_top_prob"
"SPL-DU-00038","Unknown",0.8345,"cg11969330",0.46387213012441,0.02,0.834477439214004,0.834516240343677,-0.000970028241839559,0.000970028241839559,1.94005648367912e-05,"increasing_beta_decreases_top_prob"
"SPL-DU-00039","Unknown",0.8671,"cg25840318",0.503855286418451,0.02,0.867086985192531,0.867051490112347,0.000887377004599176,0.000887377004599176,1.77475400919835e-05,"increasing_beta_increases_top_prob"
"SPL-DU-00039","Unknown",0.8671,"cg02719245",0.503855286418451,0.02,0.86705181459242,0.867086660967386,-0.000871159374163376,0.000871159374163376,1.74231874832675e-05,"increasing_beta_decreases_top_prob"
"SPL-DU-00039","Unknown",0.8671,"cg03543448",0.866263721428586,0.02,0.867086028716528,0.86705245134542,0.000839434277696837,0.000839434277696837,1.67886855539367e-05,"increasing_beta_increases_top_prob"
"SPL-DU-00039","Unknown",0.8671,"cg24876960",0.0260883290711407,0.02,0.867055549530625,0.867082930667697,-0.000684528426783682,0.000684528426783682,1.36905685356736e-05,"increasing_beta_decreases_top_prob"
"SPL-DU-00039","Unknown",0.8671,"cg03204678",0.503855286418451,0.02,0.867055730855746,0.86708275035472,-0.00067548747434698,0.00067548747434698,1.35097494869396e-05,"increasing_beta_decreases_top_prob"
"SPL-DU-00039","Unknown",0.8671,"cg18701481",0.503855286418451,0.02,0.867055958010403,0.867082532503812,-0.000664362335212054,0.000664362335212054,1.32872467042411e-05,"increasing_beta_decreases_top_prob"
"SPL-DU-00039","Unknown",0.8671,"cg07515565",0.503855286418451,0.02,0.867081861339015,0.867056624644242,0.000630917369329186,0.000630917369329186,1.26183473865837e-05,"increasing_beta_increases_top_prob"
"SPL-DU-00039","Unknown",0.8671,"cg25009327",0.503855286418451,0.02,0.867056876406135,0.867081607387008,-0.000618274521810291,0.000618274521810291,1.23654904362058e-05,"increasing_beta_decreases_top_prob"
"SPL-DU-00039","Unknown",0.8671,"cg20803293",0.503855286418451,0.02,0.867056998490519,0.867081489557837,-0.000612276682951384,0.000612276682951384,1.22455336590277e-05,"increasing_beta_decreases_top_prob"
"SPL-DU-00039","Unknown",0.8671,"cg24292703",0.503855286418451,0.02,0.867057172803706,0.867081317634611,-0.000603620772623991,0.000603620772623991,1.20724154524798e-05,"increasing_beta_decreases_top_prob"
"SPL-DU-00039","Unknown",0.8671,"cg09510476",0.750815866093009,0.02,0.867080586451375,0.867057898480744,0.000567199265760764,0.000567199265760764,1.13439853152153e-05,"increasing_beta_increases_top_prob"
"SPL-DU-00039","Unknown",0.8671,"cg24365464",0.503855286418451,0.02,0.867058136926523,0.867080354667825,-0.000555443532543331,0.000555443532543331,1.11088706508666e-05,"increasing_beta_decreases_top_prob"
"SPL-DU-00039","Unknown",0.8671,"cg02583740",0.503855286418451,0.02,0.86707921194148,0.867059275274775,0.00049841666762973,0.00049841666762973,9.96833335259461e-06,"increasing_beta_increases_top_prob"
"SPL-DU-00039","Unknown",0.8671,"cg27143688",0.503855286418451,0.02,0.867078780818103,0.867059699406231,0.000477035296791994,0.000477035296791994,9.54070593583988e-06,"increasing_beta_increases_top_prob"
"SPL-DU-00039","Unknown",0.8671,"cg09782540",0.503855286418451,0.02,0.867059837257395,0.867078648159809,-0.000470272560348927,0.000470272560348927,9.40545120697855e-06,"increasing_beta_decreases_top_prob"
"SPL-DU-00039","Unknown",0.8671,"cg13343687",0.503855286418451,0.02,0.867059841664261,0.867078649819584,-0.000470203883068398,0.000470203883068398,9.40407766136796e-06,"increasing_beta_decreases_top_prob"
"SPL-DU-00039","Unknown",0.8671,"cg16877681",0.503855286418451,0.02,0.867078511009478,0.867059972159244,0.000463471255843228,0.000463471255843228,9.26942511686456e-06,"increasing_beta_increases_top_prob"
"SPL-DU-00039","Unknown",0.8671,"cg04382396",0.967627903811509,0.02,0.86707849802823,0.867059992052992,0.000462649380950086,0.000462649380950086,9.25298761900172e-06,"increasing_beta_increases_top_prob"
"SPL-DU-00039","Unknown",0.8671,"cg03356172",0.503855286418451,0.02,0.867078480676808,0.867060001788935,0.00046197219682742,0.00046197219682742,9.2394439365484e-06,"increasing_beta_increases_top_prob"
"SPL-DU-00039","Unknown",0.8671,"cg22343728",0.010454225155671,0.02,0.867060105290105,0.867074003379078,-0.000456359959942426,0.000456359959942426,9.12719919884853e-06,"increasing_beta_decreases_top_prob"
"SPL-DU-00039","Unknown",0.8671,"cg04329125",0.503855286418451,0.02,0.867078299988434,0.867060183908314,0.000452902002986976,0.000452902002986976,9.05804005973953e-06,"increasing_beta_increases_top_prob"
"SPL-DU-00039","Unknown",0.8671,"cg02630214",0.388383358351858,0.02,0.867078275020784,0.867060208320887,0.000451667497430863,0.000451667497430863,9.03334994861726e-06,"increasing_beta_increases_top_prob"
"SPL-DU-00039","Unknown",0.8671,"cg08891071",0.503855286418451,0.02,0.867060310855542,0.867078179577822,-0.000446718057006689,0.000446718057006689,8.93436114013379e-06,"increasing_beta_decreases_top_prob"
"SPL-DU-00039","Unknown",0.8671,"cg11090364",0.503855286418451,0.02,0.867060372037166,0.867078111158454,-0.000443478032194355,0.000443478032194355,8.8695606438871e-06,"increasing_beta_decreases_top_prob"
"SPL-DU-00039","Unknown",0.8671,"cg11969330",0.503855286418451,0.02,0.867060405135195,0.867078082529839,-0.000441934866102222,0.000441934866102222,8.83869732204445e-06,"increasing_beta_decreases_top_prob"
"SPL-DU-00040","ACC",0.4857,"cg18892244",0.452952419514012,0.02,0.485650923200437,0.485757475885766,-0.0026638171332069,0.0026638171332069,5.3276342664138e-05,"increasing_beta_decreases_top_prob"
"SPL-DU-00040","ACC",0.4857,"cg06878649",0.927842907626782,0.02,0.485651967926005,0.485756393346202,-0.00261063550492518,0.00261063550492518,5.22127100985037e-05,"increasing_beta_decreases_top_prob"
"SPL-DU-00040","ACC",0.4857,"cg09571972",0.0434894958300634,0.02,0.485654067664124,0.485754318347457,-0.00250626708332563,0.00250626708332563,5.01253416665126e-05,"increasing_beta_decreases_top_prob"
"SPL-DU-00040","ACC",0.4857,"cg02676167",0.452952419514012,0.02,0.485754256286425,0.485654126508692,0.00250324444332206,0.00250324444332206,5.00648888664412e-05,"increasing_beta_increases_top_prob"
"SPL-DU-00040","ACC",0.4857,"cg19767548",0.452952419514012,0.02,0.485654123682444,0.485754230602116,-0.00250267299178458,0.00250267299178458,5.00534598356916e-05,"increasing_beta_decreases_top_prob"
"SPL-DU-00040","ACC",0.4857,"cg12498801",0.452952419514012,0.02,0.485655236484006,0.485753124353261,-0.00244719673137689,0.00244719673137689,4.89439346275377e-05,"increasing_beta_decreases_top_prob"
"SPL-DU-00040","ACC",0.4857,"cg07515565",0.625623838525706,0.02,0.485656663542516,0.485751707954177,-0.00237611029153539,0.00237611029153539,4.75222058307078e-05,"increasing_beta_decreases_top_prob"
"SPL-DU-00040","ACC",0.4857,"cg09168808",0.833668965062158,0.02,0.485749757304068,0.485658597866833,0.00227898593088693,0.00227898593088693,4.55797186177386e-05,"increasing_beta_increases_top_prob"
"SPL-DU-00040","ACC",0.4857,"cg22824635",0.021402474694474,0.02,0.485658774141109,0.485749594309938,-0.00227050422071939,0.00227050422071939,4.54100844143879e-05,"increasing_beta_decreases_top_prob"
"SPL-DU-00040","ACC",0.4857,"cg15567340",0.452952419514012,0.02,0.485660123762268,0.485748229962337,-0.0022026550017179,0.0022026550017179,4.4053100034358e-05,"increasing_beta_decreases_top_prob"
"SPL-DU-00040","ACC",0.4857,"cg10935762",0.807597173081407,0.02,0.485660299817852,0.485748056072252,-0.00219390635999156,0.00219390635999156,4.38781271998312e-05,"increasing_beta_decreases_top_prob"
"SPL-DU-00040","ACC",0.4857,"cg09782540",0.950666265554141,0.02,0.485660395037687,0.485747973080788,-0.0021894510775361,0.0021894510775361,4.37890215507219e-05,"increasing_beta_decreases_top_prob"
"SPL-DU-00040","ACC",0.4857,"cg17356733",0.452952419514012,0.02,0.485660479455429,0.485747885237782,-0.0021851445588153,0.0021851445588153,4.3702891176306e-05,"increasing_beta_decreases_top_prob"
"SPL-DU-00040","ACC",0.4857,"cg12611488",0.144206008576986,0.02,0.485661487125814,0.485746869517667,-0.00213455979633931,0.00213455979633931,4.26911959267862e-05,"increasing_beta_decreases_top_prob"
"SPL-DU-00040","ACC",0.4857,"cg07080050",0.873725928949088,0.02,0.485745929278192,0.485662448780464,0.00208701244318737,0.00208701244318737,4.17402488637475e-05,"increasing_beta_increases_top_prob"
"SPL-DU-00040","ACC",0.4857,"cg17433211",0.666297713786074,0.02,0.485662660550123,0.485745697234127,-0.00207591710008337,0.00207591710008337,4.15183420016673e-05,"increasing_beta_decreases_top_prob"
"SPL-DU-00040","ACC",0.4857,"cg09923954",0.394216125196667,0.02,0.485744904365618,0.485663458976399,0.00203613473047648,0.00203613473047648,4.07226946095296e-05,"increasing_beta_increases_top_prob"
"SPL-DU-00040","ACC",0.4857,"cg17375267",0.0151780474369235,0.02,0.485663966370707,0.485734752626431,-0.00201222810479303,0.00201222810479303,4.02445620958607e-05,"increasing_beta_decreases_top_prob"
"SPL-DU-00040","ACC",0.4857,"cg03718012",0.0742796883756303,0.02,0.48566497640083,0.485743380439926,-0.00196010097740368,0.00196010097740368,3.92020195480736e-05,"increasing_beta_decreases_top_prob"
"SPL-DU-00040","ACC",0.4857,"cg05348366",0.811919942004508,0.02,0.485665159567404,0.485743206833323,-0.00195118164797586,0.00195118164797586,3.90236329595172e-05,"increasing_beta_decreases_top_prob"
"SPL-DU-00040","ACC",0.4857,"cg13799970",0.967968787678731,0.02,0.485665373788692,0.485743014154642,-0.00194100914873291,0.00194100914873291,3.88201829746581e-05,"increasing_beta_decreases_top_prob"
"SPL-DU-00040","ACC",0.4857,"cg18803147",0.0688590298659928,0.02,0.48566612001879,0.485742235667632,-0.00190289122103671,0.00190289122103671,3.80578244207341e-05,"increasing_beta_decreases_top_prob"
"SPL-DU-00040","ACC",0.4857,"cg18004701",0.228340167963178,0.02,0.485666770871535,0.485741603503286,-0.00187081579377385,0.00187081579377385,3.7416315875477e-05,"increasing_beta_decreases_top_prob"
"SPL-DU-00040","ACC",0.4857,"cg07776993",0.90600707600059,0.02,0.485667030582628,0.485741373701528,-0.00185857797250083,0.00185857797250083,3.71715594500166e-05,"increasing_beta_decreases_top_prob"
"SPL-DU-00040","ACC",0.4857,"cg10982443",0.452952419514012,0.02,0.485741232033202,0.485667129574546,0.00185256146639778,0.00185256146639778,3.70512293279556e-05,"increasing_beta_increases_top_prob"
"SPL-DU-00041","Unknown",0.3096,"cg19535896",0.403372118110812,0.02,0.30957374771287,0.309723061478521,-0.00373284414127289,0.00373284414127289,7.46568828254578e-05,"increasing_beta_decreases_top_prob"
"SPL-DU-00041","Unknown",0.3096,"cg14411912",0.403372118110812,0.02,0.309718190885714,0.309578572907597,0.00349044945293503,0.00349044945293503,6.98089890587005e-05,"increasing_beta_increases_top_prob"
"SPL-DU-00041","Unknown",0.3096,"cg03204678",0.480664075007683,0.02,0.30958459187737,0.309712179409653,-0.00318968830707589,0.00318968830707589,6.37937661415178e-05,"increasing_beta_decreases_top_prob"
"SPL-DU-00041","Unknown",0.3096,"cg18048953",0.740059164393731,0.02,0.309711271390259,0.309585532323239,0.00314347667549619,0.00314347667549619,6.28695335099238e-05,"increasing_beta_increases_top_prob"
"SPL-DU-00041","Unknown",0.3096,"cg04382396",0.103191739276322,0.02,0.309708635534331,0.30958817860293,0.00301142328501675,0.00301142328501675,6.02284657003349e-05,"increasing_beta_increases_top_prob"
"SPL-DU-00041","Unknown",0.3096,"cg07515565",0.602687831434635,0.02,0.309704699465841,0.309592092956299,0.00281516273855087,0.00281516273855087,5.63032547710173e-05,"increasing_beta_increases_top_prob"
"SPL-DU-00041","Unknown",0.3096,"cg03127558",0.15407080150255,0.02,0.309703914685435,0.309592861561078,0.00277632810894157,0.00277632810894157,5.55265621788315e-05,"increasing_beta_increases_top_prob"
"SPL-DU-00041","Unknown",0.3096,"cg11090364",0.241668082496578,0.02,0.30959351357746,0.309703253708805,-0.00274350328363232,0.00274350328363232,5.48700656726464e-05,"increasing_beta_decreases_top_prob"
"SPL-DU-00041","Unknown",0.3096,"cg13453374",0.214799738452701,0.02,0.309595974987463,0.309700834412384,-0.00262148562302223,0.00262148562302223,5.24297124604445e-05,"increasing_beta_decreases_top_prob"
"SPL-DU-00041","Unknown",0.3096,"cg03543448",0.389057131464162,0.02,0.309700323190439,0.309596438888022,0.00259710756043974,0.00259710756043974,5.19421512087947e-05,"increasing_beta_increases_top_prob"
"SPL-DU-00041","Unknown",0.3096,"cg02719245",0.125286056829161,0.02,0.309597500878553,0.309699238920691,-0.00254345105346748,0.00254345105346748,5.08690210693497e-05,"increasing_beta_decreases_top_prob"
"SPL-DU-00041","Unknown",0.3096,"cg18701481",0.0916002790534632,0.02,0.309598501766829,0.309698308342668,-0.0024951643959617,0.0024951643959617,4.9903287919234e-05,"increasing_beta_decreases_top_prob"
"SPL-DU-00041","Unknown",0.3096,"cg03991547",0.619555243396646,0.02,0.309598865619594,0.309697934829166,-0.00247673023927863,0.00247673023927863,4.95346047855727e-05,"increasing_beta_decreases_top_prob"
"SPL-DU-00041","Unknown",0.3096,"cg02589685",0.213594615902129,0.02,0.309600308762343,0.309696478895816,-0.00240425333682681,0.00240425333682681,4.80850667365363e-05,"increasing_beta_decreases_top_prob"
"SPL-DU-00041","Unknown",0.3096,"cg18383585",0.79350149061844,0.02,0.309600457864563,0.309696312873894,-0.00239637523326702,0.00239637523326702,4.79275046653404e-05,"increasing_beta_decreases_top_prob"
"SPL-DU-00041","Unknown",0.3096,"cg21126229",0.403372118110812,0.02,0.309601694526128,0.309695109736309,-0.00233538025452839,0.00233538025452839,4.67076050905679e-05,"increasing_beta_decreases_top_prob"
"SPL-DU-00041","Unknown",0.3096,"cg24794228",0.0392228094811113,0.02,0.309694930937276,0.309601870205688,0.00232651828969976,0.00232651828969976,4.65303657939953e-05,"increasing_beta_increases_top_prob"
"SPL-DU-00041","Unknown",0.3096,"cg08254359",0.403372118110812,0.02,0.309694797457112,0.309601983905549,0.00232033878907051,0.00232033878907051,4.64067757814101e-05,"increasing_beta_increases_top_prob"
"SPL-DU-00041","Unknown",0.3096,"cg07080050",0.0993046205975546,0.02,0.309693862153971,0.309602916793583,0.00227363400970015,0.00227363400970015,4.54726801940031e-05,"increasing_beta_increases_top_prob"
"SPL-DU-00041","Unknown",0.3096,"cg04329125",0.272490437358665,0.02,0.309693565007291,0.309603213529159,0.00225878695329223,0.00225878695329223,4.51757390658447e-05,"increasing_beta_increases_top_prob"
"SPL-DU-00041","Unknown",0.3096,"cg06303238",0.403372118110812,0.02,0.309693098853206,0.309603705930295,0.00223482307278588,0.00223482307278588,4.46964614557177e-05,"increasing_beta_increases_top_prob"
"SPL-DU-00041","Unknown",0.3096,"cg18448746",0.403372118110812,0.02,0.309692835099931,0.309603876158066,0.0022239735466209,0.0022239735466209,4.44794709324181e-05,"increasing_beta_increases_top_prob"
"SPL-DU-00041","Unknown",0.3096,"cg17375267",0.403372118110812,0.02,0.309690226342933,0.309606568316281,0.00209145066629029,0.00209145066629029,4.18290133258059e-05,"increasing_beta_increases_top_prob"
"SPL-DU-00041","Unknown",0.3096,"cg04029027",0.411192996237072,0.02,0.309689846276153,0.309606965103044,0.00207202932772377,0.00207202932772377,4.14405865544753e-05,"increasing_beta_increases_top_prob"
"SPL-DU-00041","Unknown",0.3096,"cg25840318",0.84509625474632,0.02,0.309689719627167,0.3096070277575,0.0020672967416771,0.0020672967416771,4.13459348335421e-05,"increasing_beta_increases_top_prob"
"SPL-DU-00042","Unknown",0.9247,"cg03543448",0.853163163400485,0.02,0.924715503855028,0.924708425857681,0.00017694993368067,0.00017694993368067,3.5389986736134e-06,"increasing_beta_increases_top_prob"
"SPL-DU-00042","Unknown",0.9247,"cg02719245",0.13716887251772,0.02,0.924708567498734,0.924715361931163,-0.000169860810736444,0.000169860810736444,3.39721621472888e-06,"increasing_beta_decreases_top_prob"
"SPL-DU-00042","Unknown",0.9247,"cg18701481",0.112810296291133,0.02,0.924709002442765,0.924714928623544,-0.000148154519463706,0.000148154519463706,2.96309038927411e-06,"increasing_beta_decreases_top_prob"
"SPL-DU-00042","Unknown",0.9247,"cg24876960",0.0306344414153156,0.02,0.924709027006425,0.924714902508853,-0.000146887560700804,0.000146887560700804,2.93775121401607e-06,"increasing_beta_decreases_top_prob"
"SPL-DU-00042","Unknown",0.9247,"cg25009327",0.885180946912487,0.02,0.924709230625963,0.924714699629774,-0.000136725095253864,0.000136725095253864,2.73450190507729e-06,"increasing_beta_decreases_top_prob"
"SPL-DU-00042","Unknown",0.9247,"cg04382396",0.985919151247666,0.02,0.924713867301182,0.92470926228062,0.000135120477645736,0.000135120477645736,2.70240955291473e-06,"increasing_beta_increases_top_prob"
"SPL-DU-00042","Unknown",0.9247,"cg03204678",0.0796860431296739,0.02,0.924709266709098,0.924714663382294,-0.000134916829910847,0.000134916829910847,2.69833659821694e-06,"increasing_beta_decreases_top_prob"
"SPL-DU-00042","Unknown",0.9247,"cg04329125",0.487722396713359,0.02,0.924714524795246,0.924709405784057,0.000127975279715087,0.000127975279715087,2.55950559430173e-06,"increasing_beta_increases_top_prob"
"SPL-DU-00042","Unknown",0.9247,"cg24365464",0.0775012920397762,0.02,0.924709430496038,0.924714500732348,-0.000126755907736698,0.000126755907736698,2.53511815473395e-06,"increasing_beta_decreases_top_prob"
"SPL-DU-00042","Unknown",0.9247,"cg04205664",0.487722396713359,0.02,0.924709449341544,0.924714480800349,-0.000125786470123179,0.000125786470123179,2.51572940246358e-06,"increasing_beta_decreases_top_prob"
"SPL-DU-00042","Unknown",0.9247,"cg25840318",0.888898546995286,0.02,0.924714472892684,0.924709456926626,0.000125399151459926,0.000125399151459926,2.50798302919852e-06,"increasing_beta_increases_top_prob"
"SPL-DU-00042","Unknown",0.9247,"cg14411912",0.487722396713359,0.02,0.924714454075884,0.924709475970993,0.00012445262227434,0.00012445262227434,2.4890524454868e-06,"increasing_beta_increases_top_prob"
"SPL-DU-00042","Unknown",0.9247,"cg19535896",0.487722396713359,0.02,0.924709512464119,0.924714418360934,-0.00012264742037249,0.00012264742037249,2.4529484074498e-06,"increasing_beta_decreases_top_prob"
"SPL-DU-00042","Unknown",0.9247,"cg04777726",0.487722396713359,0.02,0.92471440927513,0.924709520513848,0.000122219032056003,0.000122219032056003,2.44438064112007e-06,"increasing_beta_increases_top_prob"
"SPL-DU-00042","Unknown",0.9247,"cg03127558",0.871260135515414,0.02,0.924714380230804,0.924709550259683,0.000120749278018084,0.000120749278018084,2.41498556036168e-06,"increasing_beta_increases_top_prob"
"SPL-DU-00042","Unknown",0.9247,"cg11090364",0.487722396713359,0.02,0.924709601795105,0.924714328548885,-0.000118168844501221,0.000118168844501221,2.36337689002441e-06,"increasing_beta_decreases_top_prob"
"SPL-DU-00042","Unknown",0.9247,"cg07515565",0.15074379545747,0.02,0.924714273382731,0.924709657252414,0.000115403257927582,0.000115403257927582,2.30806515855164e-06,"increasing_beta_increases_top_prob"
"SPL-DU-00042","Unknown",0.9247,"cg18383585",0.202897870878251,0.02,0.924709789786847,0.924714140749021,-0.000108774054344285,0.000108774054344285,2.1754810868857e-06,"increasing_beta_decreases_top_prob"
"SPL-DU-00042","Unknown",0.9247,"cg01980591",0.95946237547842,0.02,0.924714094249845,0.924709836502114,0.000106443693259628,0.000106443693259628,2.12887386519256e-06,"increasing_beta_increases_top_prob"
"SPL-DU-00042","Unknown",0.9247,"cg14831380",0.085326796138761,0.02,0.92470984833294,0.924714083197867,-0.000105871623171105,0.000105871623171105,2.11743246342211e-06,"increasing_beta_decreases_top_prob"
"SPL-DU-00042","Unknown",0.9247,"cg06703222",0.611624954283013,0.02,0.924714046985397,0.924709884441809,0.000104063589698167,0.000104063589698167,2.08127179396333e-06,"increasing_beta_increases_top_prob"
"SPL-DU-00042","Unknown",0.9247,"cg20803293",0.487722396713359,0.02,0.924709886207473,0.924714045115452,-0.00010397269946949,0.00010397269946949,2.0794539893898e-06,"increasing_beta_decreases_top_prob"
"SPL-DU-00042","Unknown",0.9247,"cg24292703",0.130003722680584,0.02,0.924709927517708,0.924714003949128,-0.000101910785488268,0.000101910785488268,2.03821570976537e-06,"increasing_beta_decreases_top_prob"
"SPL-DU-00042","Unknown",0.9247,"cg18048953",0.757208895317775,0.02,0.924714001034399,0.924709929808611,0.000101780644695681,0.000101780644695681,2.03561289391363e-06,"increasing_beta_increases_top_prob"
"SPL-DU-00042","Unknown",0.9247,"cg17356733",0.487722396713359,0.02,0.924714000804783,0.924709930366868,0.000101760947884832,0.000101760947884832,2.03521895769665e-06,"increasing_beta_increases_top_prob"
"SPL-DU-00043 T","Unknown",0.8769,"cg25840318",0.973648559960667,0.02,0.876882491465565,0.876840617028485,0.00104686092698425,0.00104686092698425,2.0937218539685e-05,"increasing_beta_increases_top_prob"
"SPL-DU-00043 T","Unknown",0.8769,"cg02719245",0.495450280809179,0.02,0.876841877377728,0.876881232356773,-0.00098387447611259,0.00098387447611259,1.96774895222518e-05,"increasing_beta_decreases_top_prob"
"SPL-DU-00043 T","Unknown",0.8769,"cg03543448",0.777209365201494,0.02,0.876878548288312,0.876844567603005,0.000849517132664456,0.000849517132664456,1.69903426532891e-05,"increasing_beta_increases_top_prob"
"SPL-DU-00043 T","Unknown",0.8769,"cg03204678",0.495450280809179,0.02,0.876844976237111,0.876878139081943,-0.000829071120789227,0.000829071120789227,1.65814224157845e-05,"increasing_beta_decreases_top_prob"
"SPL-DU-00043 T","Unknown",0.8769,"cg20803293",0.495450280809179,0.02,0.876846044969893,0.87687707666463,-0.000775792368426509,0.000775792368426509,1.55158473685302e-05,"increasing_beta_decreases_top_prob"
"SPL-DU-00043 T","Unknown",0.8769,"cg07515565",0.829459166174862,0.02,0.876877025908837,0.876846094151872,0.000773293924127837,0.000773293924127837,1.54658784825567e-05,"increasing_beta_increases_top_prob"
"SPL-DU-00043 T","Unknown",0.8769,"cg27143688",0.869371648511796,0.02,0.876875206120513,0.87684790793634,0.000682454604325477,0.000682454604325477,1.36490920865095e-05,"increasing_beta_increases_top_prob"
"SPL-DU-00043 T","Unknown",0.8769,"cg18701481",0.495450280809179,0.02,0.876848207612998,0.876874918268524,-0.000667766388165459,0.000667766388165459,1.33553277633092e-05,"increasing_beta_decreases_top_prob"
"SPL-DU-00043 T","Unknown",0.8769,"cg24292703",0.495450280809179,0.02,0.876848207923227,0.876874917366782,-0.000667736088882931,0.000667736088882931,1.33547217776586e-05,"increasing_beta_decreases_top_prob"
"SPL-DU-00043 T","Unknown",0.8769,"cg09510476",0.495450280809179,0.02,0.876874910514228,0.876848209338015,0.000667529405323775,0.000667529405323775,1.33505881064755e-05,"increasing_beta_increases_top_prob"
"SPL-DU-00043 T","Unknown",0.8769,"cg04329125",0.495450280809179,0.02,0.876874294245728,0.8768488241498,0.00063675239822536,0.00063675239822536,1.27350479645072e-05,"increasing_beta_increases_top_prob"
"SPL-DU-00043 T","Unknown",0.8769,"cg09782540",0.495450280809179,0.02,0.876848905087711,0.876874213975797,-0.000632722202145719,0.000632722202145719,1.26544440429144e-05,"increasing_beta_decreases_top_prob"
"SPL-DU-00043 T","Unknown",0.8769,"cg11090364",0.0887401625377296,0.02,0.876849305267693,0.876873812697943,-0.000612685756243292,0.000612685756243292,1.22537151248658e-05,"increasing_beta_decreases_top_prob"
"SPL-DU-00043 T","Unknown",0.8769,"cg22343728",0.495450280809179,0.02,0.876849587044015,0.876873528506963,-0.000598536573676034,0.000598536573676034,1.19707314735207e-05,"increasing_beta_decreases_top_prob"
"SPL-DU-00043 T","Unknown",0.8769,"cg11969330",0.495450280809179,0.02,0.876849652105882,0.876873469735423,-0.000595440738523912,0.000595440738523912,1.19088147704782e-05,"increasing_beta_decreases_top_prob"
"SPL-DU-00043 T","Unknown",0.8769,"cg16877681",0.495450280809179,0.02,0.876873257778202,0.876849860290591,0.000584937190259427,0.000584937190259427,1.16987438051885e-05,"increasing_beta_increases_top_prob"
"SPL-DU-00043 T","Unknown",0.8769,"cg03356172",0.495450280809179,0.02,0.876873139774188,0.876849977849162,0.000579048125640136,0.000579048125640136,1.15809625128027e-05,"increasing_beta_increases_top_prob"
"SPL-DU-00043 T","Unknown",0.8769,"cg24876960",0.495450280809179,0.02,0.876850043931008,0.876873073458834,-0.000575738195632281,0.000575738195632281,1.15147639126456e-05,"increasing_beta_decreases_top_prob"
"SPL-DU-00043 T","Unknown",0.8769,"cg02630214",0.495450280809179,0.02,0.876872934513733,0.876850183843814,0.000568766747971461,0.000568766747971461,1.13753349594292e-05,"increasing_beta_increases_top_prob"
"SPL-DU-00043 T","Unknown",0.8769,"cg02583740",0.495450280809179,0.02,0.876872882415544,0.876850240020207,0.000566059883416737,0.000566059883416737,1.13211976683347e-05,"increasing_beta_increases_top_prob"
"SPL-DU-00043 T","Unknown",0.8769,"cg25009327",0.495450280809179,0.02,0.876850431620853,0.876872688988771,-0.000556434197959699,0.000556434197959699,1.1128683959194e-05,"increasing_beta_decreases_top_prob"
"SPL-DU-00043 T","Unknown",0.8769,"cg08818984",0.495450280809179,0.02,0.876872631421216,0.876850485795456,0.000553640643999321,0.000553640643999321,1.10728128799864e-05,"increasing_beta_increases_top_prob"
"SPL-DU-00043 T","Unknown",0.8769,"cg09530810",0.495450280809179,0.02,0.876850764171039,0.876872358276026,-0.000539852624661941,0.000539852624661941,1.07970524932388e-05,"increasing_beta_decreases_top_prob"
"SPL-DU-00043 T","Unknown",0.8769,"cg24365464",0.495450280809179,0.02,0.876850997766714,0.876872129507838,-0.000528293528115342,0.000528293528115342,1.05658705623069e-05,"increasing_beta_decreases_top_prob"
"SPL-DU-00043 T","Unknown",0.8769,"cg08101036",0.495450280809179,0.02,0.876851503704059,0.876871618129098,-0.000502860625975488,0.000502860625975488,1.00572125195098e-05,"increasing_beta_decreases_top_prob"
"SPL-DU-00045","Unknown",0.6777,"cg25840318",0.593139611435489,0.02,0.677859494765068,0.677528241720784,0.0082813261071124,0.0082813261071124,0.000165626522142248,"increasing_beta_increases_top_prob"
"SPL-DU-00045","Unknown",0.6777,"cg02719245",0.0905989355929295,0.02,0.677536514252436,0.67785121914658,-0.0078676223535884,0.0078676223535884,0.000157352447071768,"increasing_beta_decreases_top_prob"
"SPL-DU-00045","Unknown",0.6777,"cg20803293",0.374854048740529,0.02,0.677552137857263,0.677835684030222,-0.00708865432398619,0.00708865432398619,0.000141773086479724,"increasing_beta_decreases_top_prob"
"SPL-DU-00045","Unknown",0.6777,"cg09782540",0.405189641751708,0.02,0.677554044448462,0.677833761867644,-0.00699293547956336,0.00699293547956336,0.000139858709591267,"increasing_beta_decreases_top_prob"
"SPL-DU-00045","Unknown",0.6777,"cg22343728",0.374854048740529,0.02,0.677556707532656,0.677831067954798,-0.0068590105535532,0.0068590105535532,0.000137180211071064,"increasing_beta_decreases_top_prob"
"SPL-DU-00045","Unknown",0.6777,"cg03204678",0.162186647025479,0.02,0.677557880036807,0.677829900406697,-0.00680050924727061,0.00680050924727061,0.000136010184945412,"increasing_beta_decreases_top_prob"
"SPL-DU-00045","Unknown",0.6777,"cg27143688",0.374854048740529,0.02,0.677827112250795,0.677560662407059,0.00666124609340346,0.00666124609340346,0.000133224921868069,"increasing_beta_increases_top_prob"
"SPL-DU-00045","Unknown",0.6777,"cg11969330",0.374854048740529,0.02,0.677571435627084,0.677816389269544,-0.00612384106150332,0.00612384106150332,0.000122476821230066,"increasing_beta_decreases_top_prob"
"SPL-DU-00045","Unknown",0.6777,"cg14642259",0.374711360175238,0.02,0.677814896275459,0.677572944980209,0.00604878238126549,0.00604878238126549,0.00012097564762531,"increasing_beta_increases_top_prob"
"SPL-DU-00045","Unknown",0.6777,"cg04329125",0.374854048740529,0.02,0.677814133567978,0.677573673241489,0.00601150816222639,0.00601150816222639,0.000120230163244528,"increasing_beta_increases_top_prob"
"SPL-DU-00045","Unknown",0.6777,"cg07515565",0.586164427808014,0.02,0.677813722659098,0.677574093728766,0.00599072325829508,0.00599072325829508,0.000119814465165902,"increasing_beta_increases_top_prob"
"SPL-DU-00045","Unknown",0.6777,"cg09510476",0.925417498003277,0.02,0.677813173708342,0.677574636289665,0.00596343546694078,0.00596343546694078,0.000119268709338816,"increasing_beta_increases_top_prob"
"SPL-DU-00045","Unknown",0.6777,"cg08818984",0.480173903225703,0.02,0.677809349242156,0.677578440901862,0.00577270850734002,0.00577270850734002,0.0001154541701468,"increasing_beta_increases_top_prob"
"SPL-DU-00045","Unknown",0.6777,"cg08101036",0.374854048740529,0.02,0.677578525607672,0.677809298042238,-0.00576931086416765,0.00576931086416765,0.000115386217283353,"increasing_beta_decreases_top_prob"
"SPL-DU-00045","Unknown",0.6777,"cg03543448",0.879288995719274,0.02,0.677805024158832,0.677582765834167,0.00555645811663729,0.00555645811663729,0.000111129162332746,"increasing_beta_increases_top_prob"
"SPL-DU-00045","Unknown",0.6777,"cg09530810",0.374854048740529,0.02,0.677583344115355,0.677804483967179,-0.00552849629558982,0.00552849629558982,0.000110569925911796,"increasing_beta_decreases_top_prob"
"SPL-DU-00045","Unknown",0.6777,"cg26256223",0.374854048740529,0.02,0.677587340702623,0.677800444146827,-0.0053275861051083,0.0053275861051083,0.000106551722102166,"increasing_beta_decreases_top_prob"
"SPL-DU-00045","Unknown",0.6777,"cg24292703",0.198278593140552,0.02,0.677589382430005,0.677798469931915,-0.0052271875477572,0.0052271875477572,0.000104543750955144,"increasing_beta_decreases_top_prob"
"SPL-DU-00045","Unknown",0.6777,"cg16877681",0.12582216644321,0.02,0.677796233317055,0.677591567641124,0.0051166418982701,0.0051166418982701,0.000102332837965402,"increasing_beta_increases_top_prob"
"SPL-DU-00045","Unknown",0.6777,"cg11090364",0.374854048740529,0.02,0.677594264138779,0.677793539327036,-0.00498187970641994,0.00498187970641994,9.96375941283988e-05,"increasing_beta_decreases_top_prob"
"SPL-DU-00045","Unknown",0.6777,"cg03356172",0.171938620707151,0.02,0.677789559169478,0.677598238291543,0.00478302194835689,0.00478302194835689,9.56604389671379e-05,"increasing_beta_increases_top_prob"
"SPL-DU-00045","Unknown",0.6777,"cg02630214",0.40021864244208,0.02,0.677788946394705,0.677598856819032,0.00475223939180313,0.00475223939180313,9.50447878360627e-05,"increasing_beta_increases_top_prob"
"SPL-DU-00045","Unknown",0.6777,"cg00921266",0.374854048740529,0.02,0.677601140099797,0.677786704706825,-0.00463911517570025,0.00463911517570025,9.27823035140051e-05,"increasing_beta_decreases_top_prob"
"SPL-DU-00045","Unknown",0.6777,"cg25425140",0.374854048740529,0.02,0.67778302433727,0.677604777230863,0.00445617766016981,0.00445617766016981,8.91235532033962e-05,"increasing_beta_increases_top_prob"
"SPL-DU-00045","Unknown",0.6777,"cg21986027",0.838988358838463,0.02,0.677605406924385,0.677782426773912,-0.00442549623819177,0.00442549623819177,8.85099247638354e-05,"increasing_beta_decreases_top_prob"
"SPL-DU-00048","Unknown",0.6107,"cg10069155",0.0825982837212071,0.02,0.61088508916774,0.610610546923603,0.00686355610343137,0.00686355610343137,0.000137271122068627,"increasing_beta_increases_top_prob"
"SPL-DU-00048","Unknown",0.6107,"cg04546413",0.347337471338123,0.02,0.610649642747065,0.610846068208635,-0.00491063653924872,0.00491063653924872,9.82127307849744e-05,"increasing_beta_decreases_top_prob"
"SPL-DU-00048","Unknown",0.6107,"cg08891071",0.0701270788264455,0.02,0.610651636750134,0.610844081172653,-0.00481111056296057,0.00481111056296057,9.62222112592115e-05,"increasing_beta_decreases_top_prob"
"SPL-DU-00048","Unknown",0.6107,"cg03543448",0.701034813442455,0.02,0.610839238274597,0.610656445663885,0.0045698152678103,0.0045698152678103,9.1396305356206e-05,"increasing_beta_increases_top_prob"
"SPL-DU-00048","Unknown",0.6107,"cg08489674",0.0990111675838379,0.02,0.610833605562374,0.610662100358773,0.00428763009004407,0.00428763009004407,8.57526018008814e-05,"increasing_beta_increases_top_prob"
"SPL-DU-00048","Unknown",0.6107,"cg03204678",0.364314923378701,0.02,0.610662451421107,0.610833238914509,-0.00426968733506505,0.00426968733506505,8.5393746701301e-05,"increasing_beta_decreases_top_prob"
"SPL-DU-00048","Unknown",0.6107,"cg01022219",0.0489376836734988,0.02,0.610831734402442,0.610663959737876,0.00419436661413808,0.00419436661413808,8.38873322827616e-05,"increasing_beta_increases_top_prob"
"SPL-DU-00048","Unknown",0.6107,"cg08254359",0.364314923378701,0.02,0.61082962691884,0.610666077001763,0.00408874792692248,0.00408874792692248,8.17749585384497e-05,"increasing_beta_increases_top_prob"
"SPL-DU-00048","Unknown",0.6107,"cg10101533",0.364314923378701,0.02,0.610828786326375,0.610666855874098,0.00404826130691316,0.00404826130691316,8.09652261382631e-05,"increasing_beta_increases_top_prob"
"SPL-DU-00048","Unknown",0.6107,"cg04781796",0.364314923378701,0.02,0.610667205147729,0.610828521546546,-0.00403290997043615,0.00403290997043615,8.06581994087229e-05,"increasing_beta_decreases_top_prob"
"SPL-DU-00048","Unknown",0.6107,"cg26256223",0.364314923378701,0.02,0.610668049939809,0.610827626668154,-0.00398941820863585,0.00398941820863585,7.9788364172717e-05,"increasing_beta_decreases_top_prob"
"SPL-DU-00048","Unknown",0.6107,"cg13736514",0.834066552079222,0.02,0.610668476856837,0.610827255716052,-0.00396947148035564,0.00396947148035564,7.93894296071129e-05,"increasing_beta_decreases_top_prob"
"SPL-DU-00048","Unknown",0.6107,"cg05950157",0.364314923378701,0.02,0.61082709209448,0.610668623595689,0.00396171246978549,0.00396171246978549,7.92342493957098e-05,"increasing_beta_increases_top_prob"
"SPL-DU-00048","Unknown",0.6107,"cg02719245",0.364314923378701,0.02,0.610668853155868,0.610826813224596,-0.00394900171820644,0.00394900171820644,7.89800343641289e-05,"increasing_beta_decreases_top_prob"
"SPL-DU-00048","Unknown",0.6107,"cg00531453",0.0940106736425987,0.02,0.610826620733923,0.610669095226498,0.00393813768562734,0.00393813768562734,7.87627537125468e-05,"increasing_beta_increases_top_prob"
"SPL-DU-00048","Unknown",0.6107,"cg11236727",0.364314923378701,0.02,0.610826369000593,0.610669288171602,0.00392702072477546,0.00392702072477546,7.85404144955092e-05,"increasing_beta_increases_top_prob"
"SPL-DU-00048","Unknown",0.6107,"cg01916088",0.364314923378701,0.02,0.610823605055155,0.610672039651251,0.00378913509760103,0.00378913509760103,7.57827019520207e-05,"increasing_beta_increases_top_prob"
"SPL-DU-00048","Unknown",0.6107,"cg04205664",0.364314923378701,0.02,0.610673021244135,0.610822666795498,-0.00374113878408577,0.00374113878408577,7.48227756817154e-05,"increasing_beta_decreases_top_prob"
"SPL-DU-00048","Unknown",0.6107,"cg16721321",0.177155391538344,0.02,0.610673251177414,0.610822475419947,-0.00373060606334574,0.00373060606334574,7.46121212669149e-05,"increasing_beta_decreases_top_prob"
"SPL-DU-00048","Unknown",0.6107,"cg00631329",0.364314923378701,0.02,0.610674491518495,0.61082120216817,-0.00366776624186049,0.00366776624186049,7.33553248372098e-05,"increasing_beta_decreases_top_prob"
"SPL-DU-00048","Unknown",0.6107,"cg09923954",0.741138020603564,0.02,0.610675011541158,0.610820708100957,-0.00364241399499199,0.00364241399499199,7.28482798998397e-05,"increasing_beta_decreases_top_prob"
"SPL-DU-00048","Unknown",0.6107,"cg02008651",0.364314923378701,0.02,0.610676746968274,0.610818976780311,-0.00355574530092606,0.00355574530092606,7.11149060185212e-05,"increasing_beta_decreases_top_prob"
"SPL-DU-00048","Unknown",0.6107,"cg06417478",0.375711335559307,0.02,0.610677242192869,0.610818475335957,-0.00353082857722231,0.00353082857722231,7.06165715444462e-05,"increasing_beta_decreases_top_prob"
"SPL-DU-00048","Unknown",0.6107,"cg11101117",0.364314923378701,0.02,0.610677303253586,0.61081839199067,-0.00352721842709624,0.00352721842709624,7.05443685419249e-05,"increasing_beta_decreases_top_prob"
"SPL-DU-00048","Unknown",0.6107,"cg23683010",0.364314923378701,0.02,0.610677337898775,0.610818391941322,-0.00352635106366516,0.00352635106366516,7.05270212733033e-05,"increasing_beta_decreases_top_prob"
"SPL-DU-00050","Unknown",0.7394,"cg03543448",0.544274453733183,0.02,0.739404445561752,0.739359770631373,0.00111687325947407,0.00111687325947407,2.23374651894814e-05,"increasing_beta_increases_top_prob"
"SPL-DU-00050","Unknown",0.7394,"cg24876960",0.0839951366036897,0.02,0.739360437150653,0.73940377533365,-0.00108345457492665,0.00108345457492665,2.16690914985329e-05,"increasing_beta_decreases_top_prob"
"SPL-DU-00050","Unknown",0.7394,"cg02719245",0.544274453733183,0.02,0.739360652286406,0.73940355408457,-0.00107254495409492,0.00107254495409492,2.14508990818984e-05,"increasing_beta_decreases_top_prob"
"SPL-DU-00050","Unknown",0.7394,"cg25840318",0.544274453733183,0.02,0.739402473462261,0.739361736030066,0.00101843580487537,0.00101843580487537,2.03687160975074e-05,"increasing_beta_increases_top_prob"
"SPL-DU-00050","Unknown",0.7394,"cg18701481",0.544274453733183,0.02,0.739362505614119,0.739401731380219,-0.000980644152492881,0.000980644152492881,1.96128830498576e-05,"increasing_beta_decreases_top_prob"
"SPL-DU-00050","Unknown",0.7394,"cg24292703",0.0228276429740741,0.02,0.73936282037222,0.73940141818709,-0.000964945371753623,0.000964945371753623,1.92989074350725e-05,"increasing_beta_decreases_top_prob"
"SPL-DU-00050","Unknown",0.7394,"cg24365464",0.544274453733183,0.02,0.73936344201191,0.739400796401042,-0.000933859728316499,0.000933859728316499,1.867719456633e-05,"increasing_beta_decreases_top_prob"
"SPL-DU-00050","Unknown",0.7394,"cg25009327",0.544274453733183,0.02,0.739363669532965,0.739400551793033,-0.000922056501712064,0.000922056501712064,1.84411300342413e-05,"increasing_beta_decreases_top_prob"
"SPL-DU-00050","Unknown",0.7394,"cg03204678",0.0414764541788763,0.02,0.739364291247674,0.739399926117025,-0.000890871733769116,0.000890871733769116,1.78174346753823e-05,"increasing_beta_decreases_top_prob"
"SPL-DU-00050","Unknown",0.7394,"cg12096447",0.544274453733183,0.02,0.739364578132035,0.739399661538335,-0.00087708515750795,0.00087708515750795,1.7541703150159e-05,"increasing_beta_decreases_top_prob"
"SPL-DU-00050","Unknown",0.7394,"cg02583740",0.544274453733183,0.02,0.739399509138241,0.739364718783354,0.000869758872182324,0.000869758872182324,1.73951774436465e-05,"increasing_beta_increases_top_prob"
"SPL-DU-00050","Unknown",0.7394,"cg10296238",0.866865401154718,0.02,0.73939942315412,0.739364804577117,0.000865464425101047,0.000865464425101047,1.73092885020209e-05,"increasing_beta_increases_top_prob"
"SPL-DU-00050","Unknown",0.7394,"cg18383585",0.544274453733183,0.02,0.739365026791853,0.73939919600765,-0.000854230394928267,0.000854230394928267,1.70846078985653e-05,"increasing_beta_decreases_top_prob"
"SPL-DU-00050","Unknown",0.7394,"cg14503441",0.866287498638129,0.02,0.739399009509117,0.739365223537679,0.000844649285952625,0.000844649285952625,1.68929857190525e-05,"increasing_beta_increases_top_prob"
"SPL-DU-00050","Unknown",0.7394,"cg09563216",0.544274453733183,0.02,0.739398192350494,0.739366044111205,0.0008037059822108,0.0008037059822108,1.6074119644216e-05,"increasing_beta_increases_top_prob"
"SPL-DU-00050","Unknown",0.7394,"cg03718012",0.544274453733183,0.02,0.739397967606464,0.739366269188749,0.000792460442877729,0.000792460442877729,1.58492088575546e-05,"increasing_beta_increases_top_prob"
"SPL-DU-00050","Unknown",0.7394,"cg10942056",0.544274453733183,0.02,0.739366349104236,0.739397881020475,-0.000788297905982004,0.000788297905982004,1.57659581196401e-05,"increasing_beta_decreases_top_prob"
"SPL-DU-00050","Unknown",0.7394,"cg00335715",0.544274453733183,0.02,0.739397830066458,0.739366397068733,0.000785824943136392,0.000785824943136392,1.57164988627278e-05,"increasing_beta_increases_top_prob"
"SPL-DU-00050","Unknown",0.7394,"cg21643939",0.750351581150201,0.02,0.739366615546194,0.739397621962517,-0.000775160408095221,0.000775160408095221,1.55032081619044e-05,"increasing_beta_decreases_top_prob"
"SPL-DU-00050","Unknown",0.7394,"cg16072192",0.83780346834226,0.02,0.739397056314189,0.739367160645598,0.000747391714775447,0.000747391714775447,1.49478342955089e-05,"increasing_beta_increases_top_prob"
"SPL-DU-00050","Unknown",0.7394,"cg10559585",0.544274453733183,0.02,0.73939702035716,0.739367211100845,0.000745231407872637,0.000745231407872637,1.49046281574527e-05,"increasing_beta_increases_top_prob"
"SPL-DU-00050","Unknown",0.7394,"cg04205664",0.544274453733183,0.02,0.739367310728192,0.739396907795758,-0.000739926689155567,0.000739926689155567,1.47985337831113e-05,"increasing_beta_decreases_top_prob"
"SPL-DU-00050","Unknown",0.7394,"cg23194926",0.544274453733183,0.02,0.73939661551209,0.739367611123389,0.000725109717530924,0.000725109717530924,1.45021943506185e-05,"increasing_beta_increases_top_prob"
"SPL-DU-00050","Unknown",0.7394,"cg00036011",0.544274453733183,0.02,0.73939650076863,0.739367723875381,0.000719422331235674,0.000719422331235674,1.43884466247135e-05,"increasing_beta_increases_top_prob"
"SPL-DU-00050","Unknown",0.7394,"cg20803293",0.544274453733183,0.02,0.739368193913712,0.73939604169366,-0.00069619449871161,0.00069619449871161,1.39238899742322e-05,"increasing_beta_decreases_top_prob"
"SPL-DU-00052","Unknown",0.8998,"cg03543448",0.385641864149906,0.02,0.899829021086768,0.89981119959171,0.000445537376464466,0.000445537376464466,8.91074752928932e-06,"increasing_beta_increases_top_prob"
"SPL-DU-00052","Unknown",0.8998,"cg25840318",0.385641864149906,0.02,0.899828982540597,0.89981123606245,0.000443661953672403,0.000443661953672403,8.87323907344805e-06,"increasing_beta_increases_top_prob"
"SPL-DU-00052","Unknown",0.8998,"cg02719245",0.414397232218892,0.02,0.899811287506791,0.899828931771998,-0.000441106630155729,0.000441106630155729,8.82213260311459e-06,"increasing_beta_decreases_top_prob"
"SPL-DU-00052","Unknown",0.8998,"cg25009327",0.385641864149906,0.02,0.899811652578664,0.899828569016295,-0.000422910940781062,0.000422910940781062,8.45821881562125e-06,"increasing_beta_decreases_top_prob"
"SPL-DU-00052","Unknown",0.8998,"cg01980591",0.385474627589873,0.02,0.899828242475677,0.899811979471874,0.000406575095060479,0.000406575095060479,8.13150190120959e-06,"increasing_beta_increases_top_prob"
"SPL-DU-00052","Unknown",0.8998,"cg18701481",0.385641864149906,0.02,0.899812627003574,0.89982759856667,-0.000374289077392786,0.000374289077392786,7.48578154785572e-06,"increasing_beta_decreases_top_prob"
"SPL-DU-00052","Unknown",0.8998,"cg14601621",0.385641864149906,0.02,0.899827494618371,0.89981273103865,0.000369089493035268,0.000369089493035268,7.38178986070536e-06,"increasing_beta_increases_top_prob"
"SPL-DU-00052","Unknown",0.8998,"cg02583740",0.385641864149906,0.02,0.899827290192804,0.899812933902787,0.000358907250438966,0.000358907250438966,7.17814500877933e-06,"increasing_beta_increases_top_prob"
"SPL-DU-00052","Unknown",0.8998,"cg24292703",0.385641864149906,0.02,0.899812982445725,0.899827242806879,-0.00035650902886486,0.00035650902886486,7.13018057729719e-06,"increasing_beta_decreases_top_prob"
"SPL-DU-00052","Unknown",0.8998,"cg09510476",0.471703980572531,0.02,0.899827219266973,0.899813003910608,0.00035538390911749,0.00035538390911749,7.1076781823498e-06,"increasing_beta_increases_top_prob"
"SPL-DU-00052","Unknown",0.8998,"cg20803293",0.385641864149906,0.02,0.89981306667288,0.899827157992824,-0.000352282998594688,0.000352282998594688,7.04565997189376e-06,"increasing_beta_decreases_top_prob"
"SPL-DU-00052","Unknown",0.8998,"cg18892244",0.385641864149906,0.02,0.899827118100834,0.899813103554774,0.000350363651496765,0.000350363651496765,7.00727302993531e-06,"increasing_beta_increases_top_prob"
"SPL-DU-00052","Unknown",0.8998,"cg01706334",0.435810101707234,0.02,0.899827117682388,0.899813107237285,0.000350261127565754,0.000350261127565754,7.00522255131508e-06,"increasing_beta_increases_top_prob"
"SPL-DU-00052","Unknown",0.8998,"cg03799405",0.258708512391333,0.02,0.899827018759976,0.899813206050265,0.0003453177427587,0.0003453177427587,6.90635485517399e-06,"increasing_beta_increases_top_prob"
"SPL-DU-00052","Unknown",0.8998,"cg18175808",0.599177023726715,0.02,0.89982701500349,0.899813210525505,0.000345111949612286,0.000345111949612286,6.90223899224573e-06,"increasing_beta_increases_top_prob"
"SPL-DU-00052","Unknown",0.8998,"cg13343687",0.601792691630664,0.02,0.899813468307672,0.899826757152174,-0.000332221112547826,0.000332221112547826,6.64442225095651e-06,"increasing_beta_decreases_top_prob"
"SPL-DU-00052","Unknown",0.8998,"cg03329597",0.424786564529836,0.02,0.899813496347197,0.899826725971674,-0.000330740611922953,0.000330740611922953,6.61481223845905e-06,"increasing_beta_decreases_top_prob"
"SPL-DU-00052","Unknown",0.8998,"cg03204678",0.385641864149906,0.02,0.89981350408643,0.899826717919758,-0.000330345833185474,0.000330345833185474,6.60691666370949e-06,"increasing_beta_decreases_top_prob"
"SPL-DU-00052","Unknown",0.8998,"cg24876960",0.698961908913667,0.02,0.899813813579989,0.899826407826297,-0.000314856157707099,0.000314856157707099,6.29712315414199e-06,"increasing_beta_decreases_top_prob"
"SPL-DU-00052","Unknown",0.8998,"cg07515565",0.212699423095116,0.02,0.899826036372664,0.899814187284323,0.000296227208521072,0.000296227208521072,5.92454417042143e-06,"increasing_beta_increases_top_prob"
"SPL-DU-00052","Unknown",0.8998,"cg18147606",0.385641864149906,0.02,0.899826035343883,0.899814189586927,0.000296143923900205,0.000296143923900205,5.9228784780041e-06,"increasing_beta_increases_top_prob"
"SPL-DU-00052","Unknown",0.8998,"cg04205664",0.385641864149906,0.02,0.899814277249708,0.899825945369596,-0.000291702997204379,0.000291702997204379,5.83405994408758e-06,"increasing_beta_decreases_top_prob"
"SPL-DU-00052","Unknown",0.8998,"cg24365464",0.404101992333915,0.02,0.899814313781441,0.899825912539949,-0.000289968962699505,0.000289968962699505,5.7993792539901e-06,"increasing_beta_decreases_top_prob"
"SPL-DU-00052","Unknown",0.8998,"cg03048372",0.385641864149906,0.02,0.899825600117815,0.89981462594349,0.000274354358117956,0.000274354358117956,5.48708716235912e-06,"increasing_beta_increases_top_prob"
"SPL-DU-00052","Unknown",0.8998,"cg10559585",0.385641864149906,0.02,0.899825150363379,0.899815074734013,0.000251890734137561,0.000251890734137561,5.03781468275121e-06,"increasing_beta_increases_top_prob"
"SPL-DU-00053 T","Unknown",0.9057,"cg01980591",0.247363993775825,0.02,0.905748383929765,0.905733024201894,0.000383993196756416,0.000383993196756416,7.67986393512832e-06,"increasing_beta_increases_top_prob"
"SPL-DU-00053 T","Unknown",0.9057,"cg03543448",0.345486443809954,0.02,0.90574810814436,0.905733299329153,0.00037022038019141,0.00037022038019141,7.4044076038282e-06,"increasing_beta_increases_top_prob"
"SPL-DU-00053 T","Unknown",0.9057,"cg25009327",0.345486443809954,0.02,0.905733506602419,0.905747901370588,-0.000359869204225038,0.000359869204225038,7.19738408450076e-06,"increasing_beta_decreases_top_prob"
"SPL-DU-00053 T","Unknown",0.9057,"cg25840318",0.345486443809954,0.02,0.90574761542788,0.905733790830925,0.000345614923885628,0.000345614923885628,6.91229847771257e-06,"increasing_beta_increases_top_prob"
"SPL-DU-00053 T","Unknown",0.9057,"cg14601621",0.345486443809954,0.02,0.905747445266717,0.905733965761909,0.000336987620219719,0.000336987620219719,6.73975240439439e-06,"increasing_beta_increases_top_prob"
"SPL-DU-00053 T","Unknown",0.9057,"cg02719245",0.345486443809954,0.02,0.905734043882882,0.905747363208346,-0.000332983136588915,0.000332983136588915,6.65966273177831e-06,"increasing_beta_decreases_top_prob"
"SPL-DU-00053 T","Unknown",0.9057,"cg18892244",0.345486443809954,0.02,0.905746916784964,0.905734491605103,0.000310629496519388,0.000310629496519388,6.21258993038775e-06,"increasing_beta_increases_top_prob"
"SPL-DU-00053 T","Unknown",0.9057,"cg18175808",0.752751330183635,0.02,0.905746910277635,0.905734500625445,0.000310241304748992,0.000310241304748992,6.20482609497985e-06,"increasing_beta_increases_top_prob"
"SPL-DU-00053 T","Unknown",0.9057,"cg09510476",0.345486443809954,0.02,0.905746812176536,0.905734597291525,0.000305372125283809,0.000305372125283809,6.10744250567618e-06,"increasing_beta_increases_top_prob"
"SPL-DU-00053 T","Unknown",0.9057,"cg18701481",0.123476948781198,0.02,0.905734732306103,0.905746678818131,-0.00029866280068791,0.00029866280068791,5.9732560137582e-06,"increasing_beta_decreases_top_prob"
"SPL-DU-00053 T","Unknown",0.9057,"cg03329597",0.0572562360004233,0.02,0.905734883297898,0.905746525589691,-0.000291057294823926,0.000291057294823926,5.82114589647853e-06,"increasing_beta_decreases_top_prob"
"SPL-DU-00053 T","Unknown",0.9057,"cg03799405",0.345486443809954,0.02,0.90574651850302,0.905734892142581,0.000290659010954153,0.000290659010954153,5.81318021908305e-06,"increasing_beta_increases_top_prob"
"SPL-DU-00053 T","Unknown",0.9057,"cg01706334",0.345486443809954,0.02,0.905746457653282,0.905734953168582,0.000287612117488844,0.000287612117488844,5.75224234977689e-06,"increasing_beta_increases_top_prob"
"SPL-DU-00053 T","Unknown",0.9057,"cg13343687",0.806431626847577,0.02,0.90573497729873,0.905746433532015,-0.000286405832108927,0.000286405832108927,5.72811664217853e-06,"increasing_beta_decreases_top_prob"
"SPL-DU-00053 T","Unknown",0.9057,"cg24292703",0.345486443809954,0.02,0.90573500386706,0.905746407015132,-0.000285078701797725,0.000285078701797725,5.7015740359545e-06,"increasing_beta_decreases_top_prob"
"SPL-DU-00053 T","Unknown",0.9057,"cg02583740",0.345486443809954,0.02,0.905746229904079,0.90573518041337,0.000276237267746171,0.000276237267746171,5.52474535492342e-06,"increasing_beta_increases_top_prob"
"SPL-DU-00053 T","Unknown",0.9057,"cg20803293",0.345486443809954,0.02,0.90573519981465,0.905746210947378,-0.00027527831820695,0.00027527831820695,5.50556636413901e-06,"increasing_beta_decreases_top_prob"
"SPL-DU-00053 T","Unknown",0.9057,"cg24876960",0.578833211774985,0.02,0.905735627240393,0.905745780971,-0.000253843265185516,0.000253843265185516,5.07686530371032e-06,"increasing_beta_decreases_top_prob"
"SPL-DU-00053 T","Unknown",0.9057,"cg04205664",0.119213036373545,0.02,0.905735691801461,0.905745717224435,-0.000250635574330915,0.000250635574330915,5.0127114866183e-06,"increasing_beta_decreases_top_prob"
"SPL-DU-00053 T","Unknown",0.9057,"cg03048372",0.461978059814755,0.02,0.905745517268267,0.90573589427506,0.000240574830162599,0.000240574830162599,4.81149660325197e-06,"increasing_beta_increases_top_prob"
"SPL-DU-00053 T","Unknown",0.9057,"cg03204678",0.345486443809954,0.02,0.905735905735146,0.905745503265274,-0.000239938253190908,0.000239938253190908,4.79876506381815e-06,"increasing_beta_decreases_top_prob"
"SPL-DU-00053 T","Unknown",0.9057,"cg18147606",0.551666234444188,0.02,0.905745465391721,0.905735945350715,0.000238001025137935,0.000238001025137935,4.7600205027587e-06,"increasing_beta_increases_top_prob"
"SPL-DU-00053 T","Unknown",0.9057,"cg10559585",0.141385384422898,0.02,0.905745394201287,0.905736016456508,0.00023444361947067,0.00023444361947067,4.6888723894134e-06,"increasing_beta_increases_top_prob"
"SPL-DU-00053 T","Unknown",0.9057,"cg24365464",0.345486443809954,0.02,0.905736273024778,0.905745138761675,-0.000221643422423923,0.000221643422423923,4.43286844847845e-06,"increasing_beta_decreases_top_prob"
"SPL-DU-00053 T","Unknown",0.9057,"cg04828133",0.821435522110406,0.02,0.905744931913273,0.905736477627713,0.000211357139001666,0.000211357139001666,4.22714278003333e-06,"increasing_beta_increases_top_prob"
"SPL-DU-00054","SCC",0.5995,"cg25840318",0.670296096943556,0.02,0.599385354015011,0.599640050833373,-0.00636742045905247,0.00636742045905247,0.000127348409181049,"increasing_beta_decreases_top_prob"
"SPL-DU-00054","SCC",0.5995,"cg02719245",0.372938899699673,0.02,0.599631141240292,0.599394286214873,0.00592137563547312,0.00592137563547312,0.000118427512709462,"increasing_beta_increases_top_prob"
"SPL-DU-00054","SCC",0.5995,"cg20803293",0.372938899699673,0.02,0.59962517329152,0.599400166319419,0.00562517430252318,0.00562517430252318,0.000112503486050464,"increasing_beta_increases_top_prob"
"SPL-DU-00054","SCC",0.5995,"cg22343728",0.372938899699673,0.02,0.599618381055173,0.599407025232032,0.00528389557852004,0.00528389557852004,0.000105677911570401,"increasing_beta_increases_top_prob"
"SPL-DU-00054","SCC",0.5995,"cg09782540",0.771710891048502,0.02,0.599613974794064,0.599411391480144,0.00506458284800781,0.00506458284800781,0.000101291656960156,"increasing_beta_increases_top_prob"
"SPL-DU-00054","SCC",0.5995,"cg27143688",0.372938899699673,0.02,0.599413078761667,0.599612334522717,-0.00498139402626274,0.00498139402626274,9.96278805252548e-05,"increasing_beta_decreases_top_prob"
"SPL-DU-00054","SCC",0.5995,"cg11969330",0.372938899699673,0.02,0.599607770982763,0.599417593679999,0.00475443256910124,0.00475443256910124,9.50886513820247e-05,"increasing_beta_increases_top_prob"
"SPL-DU-00054","SCC",0.5995,"cg07515565",0.61309448904704,0.02,0.599420096321704,0.599605280621361,-0.00462960749143537,0.00462960749143537,9.25921498287074e-05,"increasing_beta_decreases_top_prob"
"SPL-DU-00054","SCC",0.5995,"cg03204678",0.897165016604549,0.02,0.599603284986216,0.599422122059488,0.00452907316819406,0.00452907316819406,9.05814633638812e-05,"increasing_beta_increases_top_prob"
"SPL-DU-00054","SCC",0.5995,"cg08101036",0.372938899699673,0.02,0.599602598492332,0.59942277484452,0.00449559119530262,0.00449559119530262,8.99118239060525e-05,"increasing_beta_increases_top_prob"
"SPL-DU-00054","SCC",0.5995,"cg08818984",0.728176045782039,0.02,0.599424072353651,0.599601341600779,-0.00443173117819772,0.00443173117819772,8.86346235639545e-05,"increasing_beta_decreases_top_prob"
"SPL-DU-00054","SCC",0.5995,"cg09530810",0.372938899699673,0.02,0.599601156489822,0.599424217310307,0.00442347948788335,0.00442347948788335,8.8469589757667e-05,"increasing_beta_increases_top_prob"
"SPL-DU-00054","SCC",0.5995,"cg21986027",0.167698336865426,0.02,0.599600792447067,0.599424594487077,0.0044049489997533,0.0044049489997533,8.8098979995066e-05,"increasing_beta_increases_top_prob"
"SPL-DU-00054","SCC",0.5995,"cg14642259",0.0641691462947442,0.02,0.599429085124776,0.599596261316343,-0.00417940478917023,0.00417940478917023,8.35880957834045e-05,"increasing_beta_decreases_top_prob"
"SPL-DU-00054","SCC",0.5995,"cg09510476",0.941147238418133,0.02,0.599432042901004,0.599593342824538,-0.00403249808836603,0.00403249808836603,8.06499617673206e-05,"increasing_beta_decreases_top_prob"
"SPL-DU-00054","SCC",0.5995,"cg26256223",0.372938899699673,0.02,0.599591435154016,0.599433997953039,0.0039359300244457,0.0039359300244457,7.87186004889139e-05,"increasing_beta_increases_top_prob"
"SPL-DU-00054","SCC",0.5995,"cg03356172",0.617820797477807,0.02,0.599434745164335,0.599590682972242,-0.00389844519765314,0.00389844519765314,7.79689039530628e-05,"increasing_beta_decreases_top_prob"
"SPL-DU-00054","SCC",0.5995,"cg16877681",0.127445711369276,0.02,0.599435358395376,0.599590060611484,-0.00386755540270067,0.00386755540270067,7.73511080540135e-05,"increasing_beta_decreases_top_prob"
"SPL-DU-00054","SCC",0.5995,"cg03543448",0.561889048343619,0.02,0.599436524811068,0.599588896025827,-0.00380928036896599,0.00380928036896599,7.61856073793198e-05,"increasing_beta_decreases_top_prob"
"SPL-DU-00054","SCC",0.5995,"cg11090364",0.145714260442381,0.02,0.599588348582568,0.599437067996806,0.00378201464405481,0.00378201464405481,7.56402928810962e-05,"increasing_beta_increases_top_prob"
"SPL-DU-00054","SCC",0.5995,"cg02630214",0.818336333796916,0.02,0.599437226470478,0.599588196152183,-0.00377424204261733,0.00377424204261733,7.54848408523467e-05,"increasing_beta_decreases_top_prob"
"SPL-DU-00054","SCC",0.5995,"cg04329125",0.151271066978734,0.02,0.599437264256791,0.599588126155179,-0.00377154745969388,0.00377154745969388,7.54309491938776e-05,"increasing_beta_decreases_top_prob"
"SPL-DU-00054","SCC",0.5995,"cg00921266",0.372938899699673,0.02,0.599586150358045,0.599439221768083,0.00367321474905868,0.00367321474905868,7.34642949811736e-05,"increasing_beta_increases_top_prob"
"SPL-DU-00054","SCC",0.5995,"cg25425140",0.828251486941983,0.02,0.599441240381656,0.599584190339567,-0.00357374894778828,0.00357374894778828,7.14749789557655e-05,"increasing_beta_decreases_top_prob"
"SPL-DU-00054","SCC",0.5995,"cg06878649",0.372938899699673,0.02,0.599583973410484,0.599441397647733,0.0035643940687835,0.0035643940687835,7.128788137567e-05,"increasing_beta_increases_top_prob"
"SPL-DU-00055 T","SCC",0.7554,"cg02719245",0.0335759201503433,0.02,0.755456072031688,0.755291579978704,0.00411230132461582,0.00411230132461582,8.22460264923164e-05,"increasing_beta_increases_top_prob"
"SPL-DU-00055 T","SCC",0.7554,"cg25840318",0.257558441184102,0.02,0.755293159441382,0.755454480662679,-0.00403303053242987,0.00403303053242987,8.06606106485974e-05,"increasing_beta_decreases_top_prob"
"SPL-DU-00055 T","SCC",0.7554,"cg20803293",0.415195214897714,0.02,0.755445397815809,0.755302197939924,0.00357999689712118,0.00357999689712118,7.15999379424236e-05,"increasing_beta_increases_top_prob"
"SPL-DU-00055 T","SCC",0.7554,"cg22343728",0.135713202212623,0.02,0.755443521264069,0.75530412050974,0.00348501885823749,0.00348501885823749,6.97003771647498e-05,"increasing_beta_increases_top_prob"
"SPL-DU-00055 T","SCC",0.7554,"cg09782540",0.703371094850596,0.02,0.755438829799103,0.755308786126141,0.00325109182404415,0.00325109182404415,6.5021836480883e-05,"increasing_beta_increases_top_prob"
"SPL-DU-00055 T","SCC",0.7554,"cg03204678",0.362155179907972,0.02,0.755438809011889,0.755308833154579,0.0032493964327529,0.0032493964327529,6.4987928655058e-05,"increasing_beta_increases_top_prob"
"SPL-DU-00055 T","SCC",0.7554,"cg27143688",0.415195214897714,0.02,0.755308950021767,0.755438698721261,-0.00324371748734453,0.00324371748734453,6.48743497468906e-05,"increasing_beta_decreases_top_prob"
"SPL-DU-00055 T","SCC",0.7554,"cg11969330",0.415195214897714,0.02,0.755435864018346,0.755311751309797,0.00310281771372378,0.00310281771372378,6.20563542744756e-05,"increasing_beta_increases_top_prob"
"SPL-DU-00055 T","SCC",0.7554,"cg07515565",0.415795614047392,0.02,0.755315214267074,0.755432411069826,-0.00292992006879766,0.00292992006879766,5.85984013759532e-05,"increasing_beta_decreases_top_prob"
"SPL-DU-00055 T","SCC",0.7554,"cg08818984",0.740496914342071,0.02,0.755315744418816,0.755431905889256,-0.00290403676101169,0.00290403676101169,5.80807352202339e-05,"increasing_beta_decreases_top_prob"
"SPL-DU-00055 T","SCC",0.7554,"cg08101036",0.415195214897714,0.02,0.75543157990964,0.755316041954745,0.00288844887237627,0.00288844887237627,5.77689774475254e-05,"increasing_beta_increases_top_prob"
"SPL-DU-00055 T","SCC",0.7554,"cg16877681",0.589149610513943,0.02,0.755316433052256,0.755431217972084,-0.00286962299571591,0.00286962299571591,5.73924599143182e-05,"increasing_beta_decreases_top_prob"
"SPL-DU-00055 T","SCC",0.7554,"cg09530810",0.415195214897714,0.02,0.755429339571516,0.755318283175771,0.00277640989361505,0.00277640989361505,5.5528197872301e-05,"increasing_beta_increases_top_prob"
"SPL-DU-00055 T","SCC",0.7554,"cg03543448",0.755366553987438,0.02,0.755319960743558,0.7554276940933,-0.00269333374354752,0.00269333374354752,5.38666748709504e-05,"increasing_beta_decreases_top_prob"
"SPL-DU-00055 T","SCC",0.7554,"cg03356172",0.655196880876689,0.02,0.755321015890705,0.755426644440266,-0.00264071373901609,0.00264071373901609,5.28142747803217e-05,"increasing_beta_decreases_top_prob"
"SPL-DU-00055 T","SCC",0.7554,"cg14642259",0.0442781262486705,0.02,0.755321624695392,0.755425980725472,-0.00260890075201581,0.00260890075201581,5.21780150403162e-05,"increasing_beta_decreases_top_prob"
"SPL-DU-00055 T","SCC",0.7554,"cg09510476",0.89227255421154,0.02,0.755322295648846,0.755425338468409,-0.00257607048907426,0.00257607048907426,5.15214097814853e-05,"increasing_beta_decreases_top_prob"
"SPL-DU-00055 T","SCC",0.7554,"cg02630214",0.881913725501247,0.02,0.755322574330168,0.755425083015319,-0.002562717128754,0.002562717128754,5.125434257508e-05,"increasing_beta_decreases_top_prob"
"SPL-DU-00055 T","SCC",0.7554,"cg21986027",0.525502858750637,0.02,0.755424822872285,0.755322811219651,0.00255029131585593,0.00255029131585593,5.10058263171187e-05,"increasing_beta_increases_top_prob"
"SPL-DU-00055 T","SCC",0.7554,"cg26256223",0.415195214897714,0.02,0.755424660126198,0.755323005330865,0.00254136988330766,0.00254136988330766,5.08273976661533e-05,"increasing_beta_increases_top_prob"
"SPL-DU-00055 T","SCC",0.7554,"cg25425140",0.932561403089222,0.02,0.755325612435073,0.755422051235338,-0.00241097000662216,0.00241097000662216,4.82194001324432e-05,"increasing_beta_decreases_top_prob"
"SPL-DU-00055 T","SCC",0.7554,"cg04329125",0.0623831471932549,0.02,0.755326679962401,0.755420958146338,-0.00235695459843144,0.00235695459843144,4.71390919686287e-05,"increasing_beta_decreases_top_prob"
"SPL-DU-00055 T","SCC",0.7554,"cg00921266",0.415195214897714,0.02,0.755420779198492,0.755326843499498,0.00234839247485741,0.00234839247485741,4.69678494971481e-05,"increasing_beta_increases_top_prob"
"SPL-DU-00055 T","SCC",0.7554,"cg18701481",0.0718668720867377,0.02,0.755420583174393,0.755327031967776,0.00233878016543954,0.00233878016543954,4.67756033087907e-05,"increasing_beta_increases_top_prob"
"SPL-DU-00055 T","SCC",0.7554,"cg11090364",0.415195214897714,0.02,0.755419901903257,0.755327753613086,0.00230370725427531,0.00230370725427531,4.60741450855062e-05,"increasing_beta_increases_top_prob"
"SPL-DU-00056","Unknown",0.7932,"cg02719245",0.5,0.02,0.793221803512441,0.793268521075311,-0.00116793907175283,0.00116793907175283,2.33587814350566e-05,"increasing_beta_decreases_top_prob"
"SPL-DU-00056","Unknown",0.7932,"cg03543448",0.5,0.02,0.793267505439108,0.793222827986103,0.00111693632510457,0.00111693632510457,2.23387265020913e-05,"increasing_beta_increases_top_prob"
"SPL-DU-00056","Unknown",0.7932,"cg18701481",0.5,0.02,0.793222953014515,0.793267398689708,-0.00111114187982819,0.00111114187982819,2.22228375965638e-05,"increasing_beta_decreases_top_prob"
"SPL-DU-00056","Unknown",0.7932,"cg25840318",0.5,0.02,0.793266978282283,0.793223348616792,0.00109074163729406,0.00109074163729406,2.18148327458811e-05,"increasing_beta_increases_top_prob"
"SPL-DU-00056","Unknown",0.7932,"cg24876960",0.5,0.02,0.79322434033705,0.793265990798018,-0.00104126152419004,0.00104126152419004,2.08252304838008e-05,"increasing_beta_decreases_top_prob"
"SPL-DU-00056","Unknown",0.7932,"cg14503441",0.5,0.02,0.793265692456336,0.793224657123086,0.0010258833312432,0.0010258833312432,2.05176666248641e-05,"increasing_beta_increases_top_prob"
"SPL-DU-00056","Unknown",0.7932,"cg09563216",0.5,0.02,0.793264664040734,0.793225687255864,0.000974419621768695,0.000974419621768695,1.94883924353739e-05,"increasing_beta_increases_top_prob"
"SPL-DU-00056","Unknown",0.7932,"cg25009327",0.5,0.02,0.7932256943882,0.793264643873683,-0.000973737137063834,0.000973737137063834,1.94747427412767e-05,"increasing_beta_decreases_top_prob"
"SPL-DU-00056","Unknown",0.7932,"cg24365464",0.5,0.02,0.793225766470312,0.793264586693893,-0.000970505589517611,0.000970505589517611,1.94101117903522e-05,"increasing_beta_decreases_top_prob"
"SPL-DU-00056","Unknown",0.7932,"cg21643939",0.5,0.02,0.793227551986857,0.793262799711884,-0.000881193125673584,0.000881193125673584,1.76238625134717e-05,"increasing_beta_decreases_top_prob"
"SPL-DU-00056","Unknown",0.7932,"cg03204678",0.5,0.02,0.793228037600408,0.793262297403181,-0.000856495069315177,0.000856495069315177,1.71299013863035e-05,"increasing_beta_decreases_top_prob"
"SPL-DU-00056","Unknown",0.7932,"cg10942056",0.5,0.02,0.793228176515153,0.793262169409616,-0.000849822361587148,0.000849822361587148,1.6996447231743e-05,"increasing_beta_decreases_top_prob"
"SPL-DU-00056","Unknown",0.7932,"cg09831875",0.5,0.02,0.793262152501273,0.793228198951251,0.000848838750544533,0.000848838750544533,1.69767750108907e-05,"increasing_beta_increases_top_prob"
"SPL-DU-00056","Unknown",0.7932,"cg00335715",0.5,0.02,0.793261831819202,0.793228511486331,0.00083300832177946,0.00083300832177946,1.66601664355892e-05,"increasing_beta_increases_top_prob"
"SPL-DU-00056","Unknown",0.7932,"cg07515565",0.5,0.02,0.793261610251291,0.793228733627734,0.000821915588936072,0.000821915588936072,1.64383117787214e-05,"increasing_beta_increases_top_prob"
"SPL-DU-00056","Unknown",0.7932,"cg03718012",0.5,0.02,0.793261374212953,0.793228977550134,0.000809916570487789,0.000809916570487789,1.61983314097558e-05,"increasing_beta_increases_top_prob"
"SPL-DU-00056","Unknown",0.7932,"cg23194926",0.5,0.02,0.793261324702765,0.793229018592532,0.000807652755824283,0.000807652755824283,1.61530551164857e-05,"increasing_beta_increases_top_prob"
"SPL-DU-00056","Unknown",0.7932,"cg02583740",0.5,0.02,0.793261032413106,0.793229311895264,0.000793012946062598,0.000793012946062598,1.5860258921252e-05,"increasing_beta_increases_top_prob"
"SPL-DU-00056","Unknown",0.7932,"cg12096447",0.5,0.02,0.793229642541553,0.793260711937434,-0.00077673489702612,0.00077673489702612,1.55346979405224e-05,"increasing_beta_decreases_top_prob"
"SPL-DU-00056","Unknown",0.7932,"cg24292703",0.5,0.02,0.793229703181032,0.793260650237383,-0.000773676408760692,0.000773676408760692,1.54735281752138e-05,"increasing_beta_decreases_top_prob"
"SPL-DU-00056","Unknown",0.7932,"cg18383585",0.5,0.02,0.793229713406284,0.793260626558273,-0.00077282879972218,0.00077282879972218,1.54565759944436e-05,"increasing_beta_decreases_top_prob"
"SPL-DU-00056","Unknown",0.7932,"cg00036011",0.5,0.02,0.79326050382626,0.793229837864722,0.000766649038450028,0.000766649038450028,1.53329807690006e-05,"increasing_beta_increases_top_prob"
"SPL-DU-00056","Unknown",0.7932,"cg02185675",0.5,0.02,0.793260461611297,0.793229883639302,0.000764449299875402,0.000764449299875402,1.5288985997508e-05,"increasing_beta_increases_top_prob"
"SPL-DU-00056","Unknown",0.7932,"cg04205664",0.5,0.02,0.793229892650531,0.79326044367381,-0.000763775581980041,0.000763775581980041,1.52755116396008e-05,"increasing_beta_decreases_top_prob"
"SPL-DU-00056","Unknown",0.7932,"cg16479539",0.5,0.02,0.793259342888424,0.793231001757565,0.000708528271478603,0.000708528271478603,1.41705654295721e-05,"increasing_beta_increases_top_prob"
"SPL-DU-00057","ACC",0.8955,"cg09571972",0.026143922207174,0.02,0.895491847764039,0.895501680861562,-0.000245827438080659,0.000245827438080659,4.91654876161318e-06,"increasing_beta_decreases_top_prob"
"SPL-DU-00057","ACC",0.8955,"cg06878649",0.389757719221991,0.02,0.895492141912273,0.895501382674855,-0.000231019064567128,0.000231019064567128,4.62038129134256e-06,"increasing_beta_decreases_top_prob"
"SPL-DU-00057","ACC",0.8955,"cg19767548",0.389757719221991,0.02,0.895492165247958,0.895501358324803,-0.00022982692111928,0.00022982692111928,4.59653842238561e-06,"increasing_beta_decreases_top_prob"
"SPL-DU-00057","ACC",0.8955,"cg05348366",0.769269476299726,0.02,0.895492206736675,0.895501318590011,-0.000227796333387986,0.000227796333387986,4.55592666775972e-06,"increasing_beta_decreases_top_prob"
"SPL-DU-00057","ACC",0.8955,"cg22824635",0.023724861632479,0.02,0.895492418142265,0.89550110765322,-0.000217237773889045,0.000217237773889045,4.3447554777809e-06,"increasing_beta_decreases_top_prob"
"SPL-DU-00057","ACC",0.8955,"cg06721601",0.389757719221991,0.02,0.895492480739221,0.895501055754298,-0.000214375376922371,0.000214375376922371,4.28750753844742e-06,"increasing_beta_decreases_top_prob"
"SPL-DU-00057","ACC",0.8955,"cg18803147",0.15517417142059,0.02,0.895492653012397,0.8955008706369,-0.000205440612588426,0.000205440612588426,4.10881225176851e-06,"increasing_beta_decreases_top_prob"
"SPL-DU-00057","ACC",0.8955,"cg18701481",0.0446595975102024,0.02,0.895500684468878,0.895492839587209,0.000196122041717928,0.000196122041717928,3.92244083435855e-06,"increasing_beta_increases_top_prob"
"SPL-DU-00057","ACC",0.8955,"cg03718012",0.389757719221991,0.02,0.895493117519576,0.895500406715758,-0.000182229904557851,0.000182229904557851,3.64459809115702e-06,"increasing_beta_decreases_top_prob"
"SPL-DU-00057","ACC",0.8955,"cg12096447",0.0395490179047315,0.02,0.895493118514186,0.895500405171455,-0.000182166431736408,0.000182166431736408,3.64332863472816e-06,"increasing_beta_decreases_top_prob"
"SPL-DU-00057","ACC",0.8955,"cg10935762",0.361686378973882,0.02,0.895493121707763,0.895500402335936,-0.000182015704319749,0.000182015704319749,3.64031408639498e-06,"increasing_beta_decreases_top_prob"
"SPL-DU-00057","ACC",0.8955,"cg02656871",0.0348561069701753,0.02,0.8954931462586,0.895500386649017,-0.000181009760430451,0.000181009760430451,3.62019520860901e-06,"increasing_beta_decreases_top_prob"
"SPL-DU-00057","ACC",0.8955,"cg22663389",0.138125051365404,0.02,0.895493204649157,0.8955003216536,-0.000177925111091715,0.000177925111091715,3.55850222183429e-06,"increasing_beta_decreases_top_prob"
"SPL-DU-00057","ACC",0.8955,"cg07515565",0.471012722417317,0.02,0.895493279615407,0.895500247117355,-0.000174187548709903,0.000174187548709903,3.48375097419806e-06,"increasing_beta_decreases_top_prob"
"SPL-DU-00057","ACC",0.8955,"cg17433211",0.115500365382721,0.02,0.895493297976427,0.895500226134762,-0.000173203958353518,0.000173203958353518,3.46407916707037e-06,"increasing_beta_decreases_top_prob"
"SPL-DU-00057","ACC",0.8955,"cg06741896",0.1534594288988,0.02,0.895493324400754,0.895500203344919,-0.000171973604129461,0.000171973604129461,3.43947208258921e-06,"increasing_beta_decreases_top_prob"
"SPL-DU-00057","ACC",0.8955,"cg13799970",0.55942263295839,0.02,0.895493364079163,0.895500164945783,-0.000170021665513165,0.000170021665513165,3.40043331026329e-06,"increasing_beta_decreases_top_prob"
"SPL-DU-00057","ACC",0.8955,"cg15703970",0.0994661940000141,0.02,0.895493402073721,0.895500123440366,-0.000168034166123099,0.000168034166123099,3.36068332246198e-06,"increasing_beta_decreases_top_prob"
"SPL-DU-00057","ACC",0.8955,"cg09168808",0.897472166124747,0.02,0.895500114023338,0.895493410092266,0.00016759827680124,0.00016759827680124,3.35196553602479e-06,"increasing_beta_increases_top_prob"
"SPL-DU-00057","ACC",0.8955,"cg03532263",0.389757719221991,0.02,0.89549343623219,0.895500092210062,-0.000166399446799303,0.000166399446799303,3.32798893598607e-06,"increasing_beta_decreases_top_prob"
"SPL-DU-00057","ACC",0.8955,"cg06703222",0.419938837611697,0.02,0.895500037668049,0.895493485927245,0.0001637935200971,0.0001637935200971,3.27587040194199e-06,"increasing_beta_increases_top_prob"
"SPL-DU-00057","ACC",0.8955,"cg18892244",0.389757719221991,0.02,0.895493584949943,0.895499946787,-0.000159045926423351,0.000159045926423351,3.18091852846702e-06,"increasing_beta_decreases_top_prob"
"SPL-DU-00057","ACC",0.8955,"cg02676167",0.910928061524981,0.02,0.895499923166883,0.895493605553787,0.000157940327413786,0.000157940327413786,3.15880654827571e-06,"increasing_beta_increases_top_prob"
"SPL-DU-00057","ACC",0.8955,"cg12498801",0.715856659492129,0.02,0.89549361436647,0.895499910982715,-0.000157415406135119,0.000157415406135119,3.14830812270239e-06,"increasing_beta_decreases_top_prob"
"SPL-DU-00057","ACC",0.8955,"cg08032924",0.966990461965068,0.02,0.895499911874446,0.895493617348711,0.000157363143371558,0.000157363143371558,3.14726286743116e-06,"increasing_beta_increases_top_prob"
